1000, empty
1001, empty
1002, empty
1003, empty
1004, empty
1005, empty
1006, empty
1007, empty
1008, empty
1009, empty
1010, empty
1011, empty
1012, empty
1013, empty
1014, empty
1015, empty
1016, empty
1017, empty
1018, empty
1019, empty
1020, empty
1021, empty
1022, empty
1023, empty
1024, empty
1025, empty
1026, empty
1027, empty
1028, empty
1029, empty
1030, empty
1031, empty
1032, empty
1033, empty
1034, empty
1035, empty
1036, empty
1037, empty
1038, empty
1039, empty
1040, empty
1041, empty
1042, empty
1043, empty
1044, empty
1045, empty
1046, empty
1047, empty
1048, empty
1049, empty
1050, empty
1051, empty
1052, empty
1053, empty
1054, empty
1055, empty
1056, empty
1057, empty
1058, empty
1059, empty
1060, empty
1061, empty
1062, empty
1063, empty
1064, empty
1065, empty
1066, empty
1067, empty
1068, empty
1069, empty
1070, empty
1071, empty
1072, empty
1073, empty
1074, empty
1075, empty
1076, empty
1077, empty
1078, empty
1079, empty
1080, empty
1081, empty
1082, empty
1083, empty
1084, empty
1085, empty
1086, empty
1087, empty
1088, empty
1089, empty
1090, empty
1091, empty
1092, empty
1093, empty
1094, empty
1095, empty
1096, empty
1097, empty
1098, empty
1099, empty
1100, empty
1105, empty
1106, empty
1107, empty
1111, empty
1112, empty
1113, empty
1114, empty
1115, empty
1116, empty
1117, empty
1118, empty
1119, empty
1120, empty
1121, empty
1122, empty
1123, empty
1124, empty
1125, empty
1126, empty
1127, empty
1128, empty
1129, empty
1130, empty
1131, empty
1132, empty
1133, empty
1134, empty
1135, empty
1136, empty
1137, empty
1138, empty
1139, empty
1140, empty
1141, fetch_data
1142, empty
1143, empty
1144, empty
1145, empty
1146, empty
1147, empty
1148, empty
1149, empty
1150, empty
1151, empty
1152, empty
1153, empty
1154, empty
1155, empty
1156, empty
1157, empty
1158, empty
1159, empty
1160, empty
1161, empty
1162, empty
1163, empty
1164, empty
1165, empty
1166, empty
1167, empty
1168, empty
1169, empty
1170, empty
1171, empty
1172, empty
1173, empty
1174, empty
1175, empty
1176, empty
1177, empty
1178, empty
1179, empty
1180, empty
1181, empty
1182, empty
1183, empty
1184, empty
1185, empty
1186, empty
1187, empty
1188, empty
1189, empty
1190, empty
1191, empty
1192, empty
1193, empty
1194, empty
1195, empty
1196, empty
1197, empty
1198, empty
1199, empty
1200, empty
1202, empty
1204, empty
1205, empty
1206, empty
1207, empty
1208, empty
1209, empty
1211, empty
1212, empty
1214, empty
1221, empty
1222, empty
1223, empty
1224, empty
1226, empty
1228, empty
1230, empty
1237, empty
1238, empty
1239, empty
1240, empty
1241, empty
1242, empty
1243, empty
1244, empty
1245, empty
1246, empty
1247, empty
1248, empty
1249, empty
1250, empty
1251, empty
1252, empty
1253, empty
1254, empty
1255, empty
1257, empty
1260, empty
1261, empty
1263, empty
1265, empty
1266, empty
1267, empty
1268, empty
1269, empty
1270, empty
1271, empty
1272, empty
1273, empty
1274, empty
1275, empty
1276, empty
1277, empty
1278, empty
1279, empty
1280, empty
1281, empty
1282, empty
1283, empty
1284, empty
1285, empty
1286, empty
1287, empty
1288, empty
1289, empty
1290, empty
1291, empty
1292, empty
1293, empty
1294, empty
1295, empty
1296, empty
1297, empty
1298, empty
1299, empty
1300, empty
1302, empty
1306, empty
1311, empty
1317, empty
1318, empty
1320, empty
1322, empty
1327, empty
1328, empty
1329, empty
1330, empty
1331, empty
1332, empty
1334, empty
1335, empty
1341, empty
1342, empty
1343, empty
1344, empty
1345, empty
1346, empty
1347, empty
1348, empty
1349, empty
1350, empty
1351, empty
1352, empty
1353, empty
1354, empty
1355, empty
1356, empty
1357, empty
1358, empty
1359, empty
1360, empty
1361, empty
1362, empty
1363, empty
1364, empty
1365, empty
1366, empty
1367, empty
1368, empty
1369, empty
1370, empty
1371, empty
1372, empty
1373, empty
1374, empty
1375, empty
1376, empty
1377, empty
1378, empty
1379, empty
1380, empty
1381, empty
1382, empty
1383, empty
1384, empty
1385, empty
1386, empty
1387, empty
1388, empty
1389, empty
1390, empty
1391, empty
1392, empty
1393, empty
1394, empty
1395, empty
1396, empty
1397, empty
1398, empty
1399, empty
1400, empty
1401, empty
1403, empty
1404, empty
1405, empty
1406, empty
1407, empty
1408, empty
1411, empty
1412, empty
1415, empty
1420, empty
1421, empty
1422, empty
1424, empty
1425, empty
1426, empty
1427, empty
1428, empty
1429, empty
1430, empty
1431, empty
1433, empty
1448, empty
1450, empty
1458, empty
1461, empty
1462, empty
1478, empty
1479, empty
1480, empty
1481, empty
1482, empty
1483, empty
1484, empty
1485, empty
1486, empty
1487, empty
1488, empty
1489, empty
1490, empty
1491, empty
1492, empty
1493, empty
1494, empty
1495, empty
1496, empty
1497, empty
1498, empty
1499, empty
1500, empty
1501, empty
1502, empty
1505, empty
1508, empty
1509, empty
1510, empty
1511, empty
1518, empty
1520, empty
1523, empty
1534, empty
1542, empty
1543, empty
1544, empty
1545, empty
1546, empty
1547, empty
1548, empty
1549, empty
1550, empty
1551, empty
1552, empty
1553, empty
1554, empty
1555, empty
1556, empty
1557, empty
1559, empty
1561, empty
1562, empty
1563, empty
1564, empty
1567, empty
1571, empty
1572, empty
1573, empty
1574, empty
1575, empty
1576, empty
1577, empty
1578, empty
1579, empty
1581, empty
1585, empty
1587, empty
1588, empty
1594, empty
1596, empty
1600, empty
1601, empty
1602, empty
1606, empty
1607, empty
1610, empty
1613, empty
1619, empty
1620, empty
1621, empty
1622, empty
1623, empty
1624, empty
1625, empty
1627, empty
1628, empty
1629, empty
1630, empty
1631, empty
1632, empty
1633, empty
1634, empty
1635, empty
1636, empty
1637, empty
1638, empty
1639, empty
1640, empty
1641, empty
1642, empty
1643, empty
1644, empty
1645, empty
1646, empty
1647, empty
1648, empty
1649, empty
1650, empty
1651, empty
1652, empty
1653, empty
1654, empty
1655, empty
1656, empty
1657, empty
1658, empty
1659, empty
1660, empty
1661, empty
1662, empty
1663, empty
1664, empty
1665, empty
1666, empty
1667, empty
1668, empty
1669, empty
1670, empty
1671, empty
1672, empty
1673, empty
1674, empty
1675, empty
1676, empty
1677, empty
1678, empty
1679, fetch_data
1680, empty
1681, empty
1682, empty
1683, empty
1684, empty
1685, empty
1686, empty
1687, empty
1688, empty
1689, empty
1690, empty
1691, empty
1692, empty
1693, empty
1694, empty
1695, empty
1696, empty
1697, empty
1698, empty
1699, empty
1700, empty
1703, empty
1705, empty
1706, empty
1716, empty
1719, empty
1728, empty
1738, empty
1739, empty
1740, empty
1741, csv
1743, empty
1744, empty
1745, empty
1746, empty
1747, empty
1748, empty
1749, empty
1750, empty
1751, empty
1753, empty
1754, empty
1755, empty
1756, empty
1757, empty
1758, empty
1759, empty
1760, empty
1761, empty
1763, empty
1764, empty
1765, empty
1766, empty
1767, empty
1768, empty
1769, empty
1770, empty
1771, empty
1772, empty
1774, empty
1775, empty
1778, empty
1779, empty
1780, empty
1782, empty
1790, empty
1791, empty
1792, empty
1793, empty
1794, empty
1796, empty
1797, empty
1798, empty
1800, empty
1801, empty
1803, empty
1804, empty
1807, empty
1811, empty
1812, empty
1814, empty
1816, empty
1818, empty
1819, empty
1820, empty
1821, empty
1822, empty
1823, empty
1824, empty
1825, empty
1826, empty
1827, empty
1828, empty
1829, empty
1830, empty
1831, empty
1832, empty
1833, empty
1834, empty
1835, empty
1836, empty
1837, empty
1838, empty
1839, empty
1840, empty
1841, empty
1842, empty
1843, empty
1844, empty
1845, empty
1846, empty
1847, empty
1848, empty
1849, empty
1850, empty
1851, empty
1852, empty
1853, empty
1854, empty
1855, empty
1856, empty
1857, empty
1858, empty
1859, empty
1860, empty
1861, fetch_data
1862, empty
1863, empty
1864, empty
1865, empty
1866, empty
1867, empty
1868, empty
1869, empty
1870, empty
1871, empty
1872, empty
1873, empty
1874, empty
1875, empty
1876, empty
1877, empty
1878, empty
1879, empty
1880, empty
1881, empty
1882, empty
1883, empty
1884, empty
1885, empty
1886, empty
1887, empty
1888, empty
1889, empty
1890, empty
1891, empty
1892, empty
1893, empty
1894, empty
1895, empty
1896, empty
1897, empty
1898, empty
1899, empty
1900, empty
1901, empty
1908, empty
1910, empty
1911, empty
1912, empty
1913, empty
1914, empty
1915, empty
1916, empty
1917, empty
1918, empty
1919, empty
1920, empty
1921, empty
1922, empty
1923, empty
1924, empty
1925, empty
1926, empty
1927, empty
1928, empty
1929, empty
1930, empty
1931, empty
1932, empty
1933, empty
1934, empty
1935, empty
1936, empty
1937, empty
1938, empty
1939, empty
1940, empty
1941, empty
1942, empty
1943, empty
1944, empty
1945, empty
1946, empty
1947, empty
1948, empty
1949, empty
1950, empty
1951, empty
1952, empty
1953, empty
1954, empty
1955, empty
1956, empty
1957, empty
1958, empty
1959, empty
1960, empty
1961, empty
1962, empty
1963, empty
1964, empty
1965, empty
1966, empty
1967, empty
1968, empty
1969, empty
1970, empty
1971, empty
1972, empty
1973, empty
1974, empty
1975, empty
1976, empty
1977, empty
1978, empty
1979, empty
1980, empty
1981, empty
1982, empty
1983, empty
1984, empty
1985, empty
1986, empty
1987, empty
1988, empty
1989, empty
1990, empty
1991, empty
1992, empty
1993, empty
1994, empty
1995, empty
1996, empty
1997, empty
1998, empty
1999, empty
2000, empty
2001, empty
2003, empty
2004, empty
2005, empty
2011, empty
2016, empty
2018, empty
2019, empty
2021, empty
2026, empty
2036, empty
2037, empty
2039, empty
2040, empty
2041, empty
2042, empty
2043, empty
2044, empty
2045, empty
2046, empty
2047, empty
2048, empty
2050, empty
2051, empty
2052, empty
2053, empty
2054, empty
2055, empty
2056, empty
2057, empty
2058, empty
2060, empty
2068, empty
2070, empty
2071, empty
2072, empty
2073, empty
2074, empty
2075, empty
2076, empty
2077, empty
2078, empty
2079, empty
2080, empty
2081, empty
2082, empty
2083, empty
2084, empty
2085, empty
2086, empty
2087, empty
2088, empty
2089, empty
2090, empty
2091, empty
2092, empty
2093, empty
2094, empty
2095, empty
2096, empty
2097, empty
2098, empty
2099, empty
2100, empty
2110, empty
2111, empty
2112, empty
2113, empty
2116, empty
2117, empty
2118, empty
2119, empty
2120, empty
2121, empty
2122, empty
2123, empty
2124, empty
2125, empty
2126, empty
2127, empty
2128, empty
2129, empty
2130, empty
2131, empty
2132, empty
2133, empty
2134, empty
2135, empty
2136, empty
2137, empty
2138, empty
2139, empty
2140, empty
2141, empty
2142, empty
2143, empty
2144, empty
2145, empty
2146, empty
2147, empty
2148, empty
2149, empty
2150, empty
2151, empty
2152, empty
2153, empty
2154, empty
2155, empty
2156, empty
2157, empty
2158, empty
2159, empty
2160, empty
2161, empty
2162, empty
2163, empty
2164, empty
2165, empty
2166, empty
2167, empty
2168, empty
2169, empty
2170, empty
2171, empty
2172, empty
2173, empty
2174, empty
2175, empty
2176, empty
2177, empty
2178, empty
2179, empty
2180, empty
2181, empty
2182, empty
2183, empty
2184, empty
2185, empty
2186, empty
2187, empty
2188, empty
2189, empty
2190, empty
2191, empty
2192, empty
2193, empty
2194, empty
2195, empty
2196, empty
2197, empty
2198, empty
2199, empty
2200, empty
2202, empty
2203, empty
2205, empty
2209, empty
2210, empty
2211, empty
2212, empty
2213, empty
2214, empty
2215, empty
2216, empty
2217, empty
2218, empty
2219, empty
2220, empty
2222, empty
2223, empty
2224, empty
2225, empty
2226, empty
2229, empty
2232, empty
2234, empty
2237, empty
2238, empty
2240, empty
2241, empty
2242, empty
2243, empty
2244, empty
2245, csv
2246, empty
2247, empty
2248, csv
2249, empty
2250, empty
2251, empty
2252, empty
2253, empty
2254, empty
2255, empty
2256, empty
2257, empty
2258, empty
2259, empty
2260, empty
2261, empty
2262, empty
2263, empty
2264, empty
2265, empty
2266, empty
2267, empty
2268, fetch_data
2269, empty
2270, empty
2271, empty
2272, empty
2273, empty
2274, empty
2275, empty
2276, empty
2277, empty
2278, empty
2279, empty
2280, empty
2281, empty
2282, empty
2283, empty
2284, empty
2285, empty
2286, empty
2287, empty
2288, empty
2289, empty
2290, empty
2291, empty
2292, empty
2293, empty
2294, empty
2295, empty
2296, empty
2297, empty
2298, empty
2299, empty
2300, empty
2304, empty
2306, empty
2307, empty
2309, empty
2310, empty
2315, empty
2318, empty
2319, empty
2320, empty
2322, empty
2326, empty
2333, empty
2334, empty
2335, empty
2336, empty
2339, empty
2341, empty
2343, empty
2346, empty
2350, empty
2361, empty
2366, empty
2370, empty
2372, empty
2378, empty
2381, empty
2384, empty
2386, empty
2389, empty
2391, empty
2394, empty
2396, empty
2398, empty
2400, empty
2403, empty
2407, empty
2410, empty
2411, empty
2416, empty
2418, empty
2422, empty
2432, empty
2435, empty
2445, empty
2446, empty
2447, empty
2452, empty
2463, empty
2469, empty
2470, empty
2473, empty
2479, empty
2487, empty
2490, empty
2494, empty
2500, empty
2502, empty
2503, empty
2507, empty
2508, empty
2510, empty
2512, empty
2513, empty
2517, empty
2518, empty
2519, empty
2521, empty
2522, empty
2523, empty
2525, empty
2526, empty
2529, empty
2531, empty
2532, empty
2533, empty
2541, empty
2544, empty
2549, empty
2550, empty
2551, empty
2552, empty
2553, empty
2554, empty
2555, empty
2556, empty
2557, empty
2558, empty
2559, empty
2560, empty
2561, empty
2562, empty
2563, empty
2564, empty
2565, empty
2566, empty
2567, empty
2568, empty
2569, empty
2570, empty
2571, empty
2572, empty
2573, empty
2574, empty
2575, empty
2576, empty
2577, empty
2578, empty
2579, empty
2580, empty
2581, empty
2582, empty
2583, empty
2584, empty
2585, empty
2586, empty
2587, empty
2588, empty
2589, empty
2590, empty
2591, empty
2592, empty
2593, empty
2594, empty
2595, empty
2598, empty
2599, empty
2600, empty
2602, empty
2604, empty
2619, empty
2620, empty
2621, empty
2622, empty
2623, empty
2624, empty
2625, empty
2626, empty
2627, empty
2628, empty
2629, empty
2630, empty
2631, empty
2632, empty
2635, empty
2638, empty
2639, empty
2644, empty
2645, empty
2646, empty
2647, empty
2648, empty
2649, empty
2650, csv
2651, empty
2652, empty
2653, empty
2654, empty
2655, empty
2656, empty
2657, empty
2658, empty
2659, empty
2660, empty
2661, empty
2662, empty
2663, empty
2664, empty
2665, empty
2666, empty
2667, empty
2668, empty
2669, empty
2670, empty
2671, empty
2672, empty
2673, empty
2674, empty
2675, empty
2676, empty
2677, empty
2678, empty
2679, empty
2680, empty
2681, empty
2682, empty
2683, empty
2684, empty
2685, empty
2686, csv
2687, empty
2688, empty
2689, empty
2690, empty
2691, empty
2692, empty
2693, empty
2694, empty
2695, fetch_data
2696, empty
2697, empty
2698, empty
2699, empty
2700, empty
2703, empty
2708, empty
2709, empty
2710, empty
2711, empty
2713, empty
2714, empty
2715, empty
2716, empty
2717, empty
2720, empty
2721, empty
2725, empty
2728, empty
2730, empty
2733, empty
2735, empty
2737, empty
2738, empty
2741, empty
2742, empty
2743, empty
2744, empty
2745, empty
2746, empty
2747, empty
2749, empty
2750, empty
2751, empty
2752, empty
2753, empty
2754, empty
2755, empty
2756, empty
2757, empty
2758, empty
2759, empty
2760, empty
2761, empty
2762, empty
2763, empty
2764, empty
2765, empty
2766, empty
2767, empty
2768, empty
2769, empty
2770, empty
2771, empty
2772, empty
2773, empty
2774, empty
2775, empty
2776, empty
2777, empty
2778, empty
2779, empty
2780, empty
2781, empty
2782, empty
2783, empty
2784, empty
2785, empty
2786, empty
2787, empty
2788, empty
2789, empty
2790, empty
2791, empty
2792, empty
2793, empty
2794, empty
2795, empty
2796, empty
2797, empty
2798, empty
2799, empty
2800, empty
2802, empty
2803, empty
2804, empty
2805, empty
2806, empty
2807, empty
2808, empty
2810, empty
2811, empty
2813, empty
2814, empty
2815, empty
2817, empty
2818, empty
2819, empty
2821, empty
2822, empty
2824, empty
2825, empty
2826, empty
2827, empty
2828, empty
2829, empty
2830, empty
2831, empty
2833, empty
2835, empty
2837, empty
2839, empty
2840, empty
2842, empty
2843, empty
2844, empty
2846, empty
2847, empty
2848, empty
2853, empty
2854, empty
2857, empty
2858, empty
2859, empty
2860, empty
2861, empty
2862, empty
2863, empty
2864, empty
2865, empty
2866, empty
2868, empty
2869, fetch_data
2870, empty
2871, empty
2872, empty
2873, empty
2874, empty
2875, empty
2876, empty
2877, empty
2878, empty
2879, empty
2893, empty
2894, empty
2895, empty
2896, empty
2898, empty
2899, empty
2900, empty
2902, empty
2907, empty
2909, empty
2914, empty
2917, empty
2918, empty
2919, empty
2920, empty
2921, empty
2922, empty
2925, empty
2927, empty
2930, empty
2931, empty
2932, empty
2933, empty
2934, empty
2935, empty
2937, empty
2938, empty
2939, empty
2940, empty
2941, empty
2942, empty
2943, empty
2944, empty
2945, empty
2946, empty
2947, empty
2948, empty
2949, empty
2950, empty
2951, empty
2952, empty
2953, empty
2954, empty
2955, empty
2956, empty
2957, empty
2958, empty
2959, empty
2960, empty
2961, empty
2962, empty
2963, empty
2964, empty
2965, empty
2966, empty
2967, empty
2968, empty
2969, empty
2970, empty
2971, empty
2972, empty
2973, empty
2974, empty
2975, empty
2976, empty
2977, empty
2978, empty
2979, empty
2980, empty
2981, empty
2982, empty
2983, empty
2984, empty
2985, empty
2986, empty
2987, empty
2988, empty
2989, empty
2990, empty
2991, empty
2992, empty
2993, empty
2994, empty
2995, empty
2996, empty
2997, empty
2998, empty
2999, empty
3000, empty
3001, empty
3007, empty
3009, empty
3012, empty
3020, empty
3039, empty
3053, empty
3061, empty
3063, empty
3065, empty
3069, empty
3070, empty
3072, empty
3074, empty
3075, empty
3076, empty
3077, empty
3079, empty
3080, empty
3082, empty
3084, empty
3087, empty
3091, empty
3096, empty
3097, empty
3098, empty
3099, empty
3100, empty
3101, empty
3102, empty
3103, empty
3104, empty
3106, empty
3107, empty
3108, empty
3109, empty
3110, empty
3111, empty
3112, empty
3113, empty
3116, empty
3117, empty
3119, empty
3120, empty
3121, empty
3123, empty
3124, empty
3125, empty
3126, empty
3127, empty
3129, empty
3132, empty
3133, empty
3134, empty
3135, empty
3136, empty
3137, empty
3138, empty
3139, empty
3140, empty
3142, empty
3143, empty
3145, empty
3146, empty
3147, empty
3148, empty
3150, empty
3151, empty
3153, csv
3154, empty
3155, empty
3156, empty
3157, empty
3158, empty
3159, empty
3160, empty
3161, empty
3165, empty
3166, empty
3168, empty
3170, empty
3172, empty
3173, empty
3174, empty
3175, empty
3177, empty
3178, empty
3179, empty
3180, empty
3181, empty
3182, empty
3183, empty
3184, empty
3185, empty
3186, empty
3187, empty
3190, empty
3192, empty
3193, empty
3194, empty
3195, empty
3196, empty
3197, empty
3198, empty
3199, empty
3200, empty
3201, empty
3203, csv
3204, empty
3208, empty
3210, empty
3212, empty
3214, empty
3215, empty
3216, empty
3220, empty
3222, empty
3223, empty
3225, empty
3233, empty
3235, empty
3237, empty
3238, empty
3239, empty
3240, empty
3241, empty
3242, empty
3243, empty
3244, empty
3245, empty
3246, empty
3247, empty
3248, empty
3249, empty
3250, empty
3251, empty
3253, empty
3254, empty
3255, empty
3256, empty
3258, empty
3261, empty
3262, empty
3263, empty
3267, empty
3269, empty
3270, empty
3271, empty
3273, empty
3274, empty
3275, empty
3277, empty
3278, empty
3279, empty
3280, empty
3281, empty
3282, empty
3283, empty
3286, empty
3291, empty
3292, empty
3295, empty
3298, empty
3300, empty
3301, empty
3302, empty
3304, empty
3307, empty
3309, empty
3314, empty
3316, empty
3318, empty
3319, empty
3320, empty
3326, empty
3327, empty
3328, empty
3329, empty
3330, empty
3331, empty
3333, empty
3334, empty
3335, empty
3336, empty
3337, empty
3340, empty
3341, empty
3342, empty
3343, empty
3344, empty
3345, empty
3347, empty
3348, empty
3349, empty
3350, empty
3351, empty
3352, empty
3353, empty
3355, empty
3357, empty
3358, empty
3359, empty
3361, empty
3364, empty
3365, empty
3366, empty
3367, empty
3368, empty
3369, empty
3370, empty
3371, empty
3375, empty
3377, empty
3378, empty
3381, empty
3382, empty
3384, empty
3385, empty
3386, empty
3387, empty
3389, empty
3391, empty
3392, empty
3393, empty
3394, empty
3395, empty
3396, empty
3397, empty
3398, empty
3399, empty
3400, empty
3401, empty
3403, empty
3404, empty
3405, empty
3407, empty
3408, empty
3409, empty
3410, empty
3411, empty
3412, empty
3414, empty
3415, empty
3417, empty
3418, empty
3420, empty
3421, empty
3422, empty
3423, empty
3424, empty
3425, csv
3427, empty
3429, empty
3430, empty
3433, empty
3435, empty
3436, empty
3439, empty
3440, empty
3442, empty
3445, empty
3446, empty
3447, empty
3448, empty
3449, empty
3451, empty
3453, empty
3456, empty
3457, empty
3458, empty
3459, empty
3460, csv
3461, empty
3462, empty
3463, empty
3464, empty
3467, empty
3468, empty
3469, empty
3470, empty
3471, empty
3472, empty
3473, empty
3474, empty
3475, empty
3476, empty
3477, empty
3478, empty
3480, empty
3482, empty
3485, empty
3486, empty
3487, empty
3488, empty
3493, empty
3495, empty
3496, empty
3497, empty
3500, empty
3502, empty
3503, empty
3505, empty
3506, empty
3507, empty
3509, empty
3510, empty
3513, empty
3517, empty
3524, empty
3525, empty
3530, empty
3534, empty
3538, empty
3539, empty
3542, empty
3543, empty
3544, empty
3547, empty
3549, empty
3554, empty
3560, empty
3565, empty
3566, empty
3568, empty
3569, empty
3571, empty
3572, empty
3573, empty
3574, empty
3575, empty
3578, empty
3582, empty
3584, empty
3585, empty
3586, empty
3589, empty
3590, empty
3592, empty
3595, empty
3597, empty
3598, empty
3599, empty
3600, empty
3601, empty
3602, empty
3603, empty
3604, empty
3606, empty
3608, empty
3610, empty
3612, empty
3613, empty
3614, empty
3616, empty
3618, empty
3619, empty
3620, empty
3621, empty
3626, empty
3627, empty
3630, fetch_data
3633, empty
3634, empty
3635, empty
3636, empty
3637, empty
3638, empty
3639, empty
3640, empty
3641, empty
3643, empty
3644, empty
3647, empty
3648, empty
3649, empty
3650, empty
3651, empty
3654, empty
3655, empty
3656, empty
3657, empty
3658, empty
3659, empty
3660, empty
3662, empty
3667, empty
3668, empty
3670, empty
3671, empty
3674, empty
3676, empty
3677, empty
3678, empty
3681, empty
3683, empty
3688, empty
3690, empty
3692, empty
3695, empty
3696, empty
3697, empty
3699, empty
3700, empty
3709, csv
3710, empty
3711, empty
3712, empty
3713, empty
3714, empty
3715, empty
3716, empty
3717, empty
3718, empty
3719, empty
3720, empty
3721, empty
3722, empty
3723, empty
3724, empty
3725, empty
3726, empty
3727, empty
3728, empty
3729, empty
3730, empty
3731, empty
3732, empty
3733, empty
3734, empty
3735, empty
3736, empty
3737, empty
3738, empty
3739, empty
3740, empty
3741, empty
3742, empty
3743, empty
3744, empty
3745, empty
3746, empty
3747, empty
3748, empty
3749, empty
3750, empty
3751, empty
3752, empty
3753, empty
3754, empty
3755, empty
3756, empty
3757, empty
3758, empty
3759, empty
3760, empty
3761, empty
3762, empty
3763, empty
3764, empty
3765, fetch_data
3766, empty
3767, empty
3768, empty
3769, empty
3770, empty
3771, empty
3772, empty
3773, empty
3774, empty
3775, empty
3776, empty
3777, empty
3778, empty
3779, empty
3780, empty
3781, empty
3782, empty
3783, empty
3784, empty
3785, empty
3786, empty
3787, empty
3788, empty
3789, empty
3790, empty
3791, empty
3792, empty
3793, empty
3794, empty
3795, empty
3796, empty
3797, empty
3798, empty
3799, empty
3800, empty
3801, empty
3802, empty
3803, empty
3804, empty
3805, empty
3806, empty
3807, empty
3808, empty
3809, empty
3810, empty
3811, empty
3812, empty
3813, empty
3814, empty
3815, empty
3816, empty
3817, empty
3818, empty
3819, empty
3820, empty
3821, empty
3822, empty
3823, empty
3824, empty
3825, empty
3826, empty
3827, empty
3828, empty
3829, empty
3830, empty
3831, empty
3832, empty
3833, empty
3834, empty
3835, empty
3836, empty
3837, empty
3838, empty
3839, empty
3840, empty
3841, empty
3842, empty
3843, empty
3844, empty
3845, empty
3846, empty
3847, empty
3848, empty
3849, empty
3850, empty
3851, empty
3852, empty
3853, empty
3854, empty
3855, empty
3856, empty
3857, empty
3858, empty
3859, empty
3860, empty
3861, empty
3862, empty
3863, empty
3864, empty
3865, empty
3866, empty
3867, empty
3868, empty
3869, empty
3870, empty
3871, empty
3872, empty
3873, empty
3874, empty
3875, empty
3876, empty
3877, empty
3878, empty
3879, empty
3880, empty
3881, empty
3882, empty
3883, empty
3884, empty
3885, empty
3886, empty
3887, empty
3888, empty
3889, empty
3890, empty
3891, empty
3892, empty
3893, empty
3894, empty
3895, empty
3896, empty
3897, empty
3898, empty
3899, empty
3900, empty
3901, empty
3902, empty
3903, empty
3904, empty
3905, empty
3906, empty
3907, empty
3908, empty
3909, empty
3910, empty
3911, empty
3912, empty
3913, empty
3914, empty
3915, empty
3916, empty
3917, empty
3918, empty
3919, empty
3920, empty
3921, empty
3922, empty
3923, empty
3924, empty
3925, empty
3926, empty
3927, csv
3928, empty
3929, empty
3930, empty
3931, empty
3932, empty
3933, empty
3934, empty
3935, empty
3936, empty
3937, empty
3938, empty
3939, empty
3940, empty
3941, empty
3942, empty
3943, empty
3944, empty
3945, empty
3946, empty
3947, empty
3948, empty
3949, empty
3950, empty
3951, empty
3952, empty
3953, empty
3954, empty
3955, empty
3956, empty
3957, empty
3958, empty
3959, empty
3960, empty
3961, empty
3962, empty
3963, empty
3964, empty
3965, empty
3966, empty
3967, empty
3968, empty
3969, empty
3970, empty
3971, empty
3972, empty
3973, empty
3974, empty
3975, empty
3976, empty
3977, empty
3978, empty
3979, empty
3980, empty
3981, empty
3982, empty
3983, empty
3984, empty
3985, empty
3986, empty
3987, empty
3988, empty
3989, empty
3990, empty
3991, empty
3992, empty
3993, empty
3994, empty
3995, empty
3996, empty
3997, empty
3998, empty
3999, empty
4000, empty
4001, empty
4002, empty
4003, empty
4004, empty
4005, empty
4006, empty
4007, empty
4008, empty
4009, empty
4010, empty
4011, empty
4012, empty
4013, empty
4014, empty
4015, empty
4016, empty
4017, empty
4018, empty
4019, empty
4020, empty
4021, empty
4022, empty
4023, empty
4024, empty
4025, empty
4026, empty
4027, empty
4028, empty
4029, empty
4030, fetch_data
4031, empty
4032, empty
4033, empty
4034, empty
4035, empty
4036, empty
4037, empty
4038, empty
4039, empty
4040, empty
4041, empty
4042, empty
4043, empty
4044, empty
4045, empty
4046, empty
4047, empty
4048, empty
4049, empty
4050, empty
4051, empty
4052, empty
4053, empty
4054, empty
4055, empty
4056, empty
4057, empty
4058, empty
4059, empty
4060, empty
4061, empty
4062, empty
4063, empty
4064, empty
4065, empty
4066, empty
4067, empty
4068, empty
4069, empty
4070, empty
4071, empty
4072, empty
4073, empty
4074, empty
4075, fetch_data
4076, empty
4077, empty
4078, empty
4079, empty
4080, empty
4081, empty
4082, empty
4083, empty
4084, empty
4085, empty
4086, empty
4087, empty
4088, fetch_data
4089, empty
4090, empty
4091, empty
4092, empty
4093, empty
4094, empty
4095, empty
4096, empty
4097, empty
4098, empty
4099, empty
4100, empty
4101, empty
4110, empty
4112, empty
4115, empty
4117, empty
4118, empty
4122, empty
4124, empty
4125, empty
4132, empty
4134, empty
4135, empty
4136, empty
4140, empty
4143, empty
4145, empty
4146, empty
4148, empty
4149, empty
4150, empty
4151, empty
4155, empty
4156, empty
4158, empty
4159, csv
4165, empty
4166, empty
4169, empty
4170, empty
4172, empty
4176, empty
4177, empty
4178, empty
4179, empty
4181, empty
4182, empty
4184, empty
4185, empty
4186, empty
4187, empty
4189, empty
4191, empty
4193, empty
4194, empty
4195, empty
4196, empty
4197, empty
4199, empty
4200, empty
4201, empty
4202, empty
4203, empty
4204, empty
4206, empty
4208, empty
4209, empty
4210, empty
4211, empty
4212, fetch_data
4213, empty
4214, empty
4215, empty
4216, empty
4217, empty
4218, empty
4219, empty
4220, empty
4221, empty
4222, empty
4223, empty
4224, empty
4225, empty
4226, empty
4227, empty
4228, empty
4229, empty
4230, empty
4231, empty
4232, empty
4233, empty
4234, empty
4235, empty
4236, empty
4237, empty
4238, empty
4239, empty
4240, empty
4241, empty
4242, empty
4243, empty
4244, empty
4245, empty
4246, empty
4247, empty
4248, empty
4249, empty
4250, empty
4251, empty
4252, empty
4253, empty
4254, empty
4255, empty
4256, empty
4257, empty
4258, empty
4259, empty
4260, empty
4261, empty
4262, empty
4263, empty
4264, empty
4265, empty
4266, empty
4267, empty
4268, empty
4269, empty
4270, empty
4271, empty
4272, empty
4273, empty
4274, empty
4275, empty
4276, empty
4277, empty
4278, empty
4279, empty
4280, empty
4281, empty
4282, empty
4283, empty
4284, empty
4285, empty
4286, empty
4287, empty
4288, csv
4289, empty
4290, empty
4291, empty
4292, empty
4293, empty
4294, empty
4295, empty
4296, empty
4297, empty
4298, empty
4299, empty
4300, empty
4301, empty
4302, empty
4307, empty
4308, empty
4309, empty
4310, empty
4311, empty
4312, empty
4313, empty
4314, empty
4315, empty
4316, empty
4317, empty
4318, empty
4319, empty
4320, empty
4321, empty
4322, empty
4323, empty
4324, empty
4325, empty
4326, empty
4327, empty
4328, empty
4329, empty
4330, empty
4331, empty
4332, empty
4333, empty
4334, empty
4335, empty
4336, empty
4337, empty
4338, empty
4339, empty
4340, empty
4341, empty
4342, empty
4343, empty
4344, empty
4345, empty
4346, empty
4347, empty
4348, empty
4349, empty
4350, empty
4351, empty
4352, empty
4353, empty
4354, empty
4355, empty
4356, empty
4357, empty
4358, empty
4359, empty
4360, empty
4361, empty
4362, empty
4363, empty
4364, empty
4365, empty
4366, empty
4367, empty
4368, empty
4369, empty
4370, empty
4371, empty
4372, empty
4373, empty
4374, empty
4375, empty
4376, empty
4377, empty
4378, empty
4379, empty
4380, empty
4381, empty
4382, empty
4383, empty
4384, empty
4385, empty
4386, empty
4387, empty
4388, empty
4389, empty
4390, empty
4391, empty
4392, empty
4393, empty
4394, empty
4395, empty
4396, empty
4397, empty
4398, empty
4399, empty
4400, empty
4402, fetch_data
4403, empty
4404, empty
4405, empty
4407, empty
4408, empty
4409, empty
4410, empty
4411, empty
4412, empty
4415, empty
4418, empty
4421, empty
4422, empty
4423, empty
4424, empty
4425, empty
4427, empty
4428, empty
4431, empty
4434, empty
4435, empty
4436, empty
4437, empty
4439, empty
4440, empty
4441, empty
4442, empty
4443, empty
4444, empty
4445, empty
4446, empty
4447, empty
4448, empty
4449, empty
4450, empty
4451, empty
4452, empty
4453, empty
4454, empty
4455, empty
4456, empty
4457, empty
4458, empty
4459, empty
4460, empty
4461, empty
4462, empty
4463, empty
4464, empty
4465, empty
4466, empty
4467, empty
4468, empty
4469, empty
4470, empty
4471, empty
4472, empty
4473, empty
4474, empty
4475, empty
4476, empty
4477, empty
4478, empty
4479, empty
4480, empty
4481, empty
4482, empty
4483, empty
4484, empty
4485, empty
4486, empty
4487, empty
4488, empty
4489, empty
4490, empty
4491, empty
4492, empty
4493, empty
4494, empty
4495, empty
4496, empty
4497, empty
4498, empty
4499, empty
4500, empty
4501, empty
4504, empty
4505, empty
4507, empty
4508, empty
4509, empty
4511, empty
4512, empty
4514, empty
4515, empty
4516, empty
4517, empty
4518, empty
4519, empty
4520, empty
4521, empty
4522, empty
4524, empty
4525, empty
4531, empty
4537, empty
4538, empty
4539, empty
4540, empty
4544, empty
4546, empty
4547, empty
4548, empty
4553, empty
4558, empty
4559, empty
4560, empty
4561, empty
4562, empty
4563, empty
4564, empty
4565, empty
4566, empty
4567, empty
4568, empty
4569, empty
4570, empty
4571, empty
4572, empty
4573, empty
4574, empty
4575, empty
4576, empty
4577, empty
4578, empty
4579, empty
4580, empty
4581, empty
4582, empty
4583, empty
4584, empty
4585, empty
4586, empty
4587, empty
4588, empty
4589, empty
4590, empty
4591, empty
4592, empty
4593, empty
4594, empty
4595, fetch_data
4596, empty
4597, empty
4598, empty
4599, empty
4600, empty
4601, empty
4602, empty
4603, empty
4604, empty
4605, empty
4606, empty
4607, empty
4608, empty
4610, empty
4611, empty
4612, empty
4613, empty
4614, empty
4615, empty
4616, empty
4617, empty
4618, empty
4619, empty
4620, empty
4621, empty
4622, empty
4623, empty
4624, empty
4625, empty
4626, empty
4627, empty
4628, empty
4629, empty
4630, empty
4631, empty
4632, empty
4633, empty
4634, empty
4635, empty
4636, empty
4637, empty
4638, empty
4639, empty
4640, empty
4641, empty
4642, empty
4643, empty
4644, empty
4645, empty
4646, empty
4647, empty
4648, empty
4649, empty
4650, empty
4651, empty
4652, empty
4653, empty
4654, empty
4655, empty
4656, empty
4657, empty
4658, empty
4659, empty
4660, empty
4661, empty
4662, empty
4663, empty
4664, empty
4665, empty
4666, empty
4667, empty
4668, empty
4669, empty
4670, empty
4671, empty
4672, empty
4673, empty
4674, empty
4675, empty
4676, empty
4677, empty
4678, empty
4679, empty
4680, empty
4681, empty
4682, empty
4683, empty
4684, empty
4685, empty
4686, empty
4687, empty
4688, empty
4689, empty
4690, empty
4691, empty
4692, empty
4693, empty
4694, empty
4695, empty
4696, empty
4697, empty
4698, empty
4699, empty
4700, empty
4701, empty
4703, empty
4704, empty
4705, empty
4708, empty
4709, empty
4710, empty
4713, empty
4715, empty
4717, empty
4718, empty
4719, empty
4723, empty
4724, empty
4727, empty
4730, empty
4731, empty
4732, empty
4733, empty
4734, empty
4738, empty
4740, empty
4741, empty
4742, empty
4744, empty
4748, empty
4749, empty
4750, empty
4751, fetch_data
4752, empty
4753, empty
4756, empty
4757, empty
4758, empty
4759, empty
4760, empty
4761, empty
4764, empty
4765, empty
4766, empty
4767, empty
4768, empty
4769, empty
4770, empty
4771, empty
4772, empty
4773, empty
4774, empty
4775, empty
4776, empty
4777, empty
4778, empty
4779, empty
4780, empty
4781, empty
4782, empty
4783, empty
4784, empty
4785, empty
4786, empty
4787, empty
4788, empty
4789, empty
4790, empty
4791, empty
4792, empty
4793, empty
4794, empty
4795, empty
4796, empty
4797, empty
4798, empty
4799, empty
4800, empty
4801, empty
4802, empty
4805, empty
4807, empty
4808, empty
4809, empty
4810, empty
4811, empty
4812, empty
4813, empty
4814, empty
4815, empty
4816, empty
4817, empty
4818, empty
4819, empty
4820, empty
4821, empty
4822, empty
4823, empty
4824, empty
4825, empty
4826, empty
4827, empty
4828, empty
4829, empty
4830, empty
4831, empty
4832, empty
4833, empty
4834, empty
4835, empty
4836, empty
4837, empty
4838, empty
4839, empty
4840, empty
4841, empty
4842, empty
4843, empty
4844, empty
4845, empty
4846, empty
4847, empty
4848, empty
4849, empty
4850, empty
4851, empty
4852, empty
4853, empty
4854, empty
4855, empty
4856, empty
4857, empty
4858, empty
4859, empty
4860, empty
4861, empty
4862, empty
4863, empty
4864, empty
4865, empty
4866, empty
4867, empty
4868, empty
4869, empty
4870, empty
4871, empty
4872, empty
4873, empty
4874, empty
4875, empty
4876, empty
4877, empty
4878, empty
4879, empty
4880, empty
4881, empty
4882, empty
4883, empty
4884, empty
4885, empty
4886, empty
4887, empty
4888, empty
4889, empty
4890, empty
4891, empty
4892, empty
4893, empty
4894, empty
4895, empty
4896, empty
4897, empty
4898, empty
4899, empty
4900, empty
4901, empty
4902, empty
4910, empty
4913, empty
4914, empty
4917, empty
4918, empty
4920, empty
4921, empty
4922, empty
4923, empty
4925, empty
4926, empty
4928, empty
4929, empty
4931, empty
4932, empty
4936, empty
4937, empty
4940, empty
4941, empty
4945, empty
4948, empty
4949, empty
4951, empty
4954, empty
4955, empty
4957, empty
4959, empty
4961, empty
4962, empty
4963, empty
4964, empty
4967, empty
4969, empty
4970, empty
4975, empty
4978, empty
4980, empty
4981, empty
4982, empty
4983, empty
4985, empty
4986, empty
4988, empty
4989, empty
4990, empty
4992, empty
4993, empty
4996, empty
4997, empty
4998, empty
5000, empty
5001, empty
5002, empty
5003, empty
5004, empty
5005, empty
5006, empty
5008, empty
5010, empty
5012, empty
5017, empty
5018, empty
5019, empty
5020, empty
5021, empty
5022, empty
5023, empty
5024, empty
5025, empty
5026, empty
5027, empty
5028, empty
5029, empty
5030, empty
5031, empty
5032, empty
5033, empty
5034, empty
5035, empty
5036, empty
5037, empty
5038, empty
5039, empty
5040, empty
5041, empty
5042, empty
5043, empty
5044, empty
5045, empty
5046, empty
5047, empty
5048, empty
5049, empty
5050, empty
5051, empty
5052, empty
5053, empty
5054, empty
5055, empty
5056, empty
5057, empty
5058, empty
5059, empty
5060, empty
5061, empty
5062, empty
5063, empty
5064, empty
5065, empty
5066, empty
5067, empty
5068, empty
5069, empty
5070, empty
5071, empty
5072, empty
5073, empty
5074, empty
5075, empty
5076, empty
5077, empty
5078, empty
5079, empty
5080, empty
5081, empty
5082, empty
5083, empty
5084, empty
5085, empty
5086, empty
5087, empty
5088, empty
5089, empty
5090, empty
5091, empty
5092, empty
5093, empty
5094, empty
5095, empty
5096, empty
5097, empty
5098, empty
5099, empty
5100, empty
5101, empty
5103, empty
5104, empty
5105, empty
5106, empty
5107, empty
5108, empty
5109, empty
5110, empty
5111, csv
5112, empty
5113, empty
5114, empty
5115, empty
5116, empty
5117, empty
5118, empty
5119, empty
5120, empty
5121, empty
5122, empty
5123, empty
5124, empty
5125, empty
5126, empty
5127, empty
5128, empty
5129, empty
5130, empty
5131, empty
5132, empty
5133, empty
5134, empty
5135, empty
5136, empty
5137, empty
5138, empty
5139, empty
5140, empty
5141, empty
5142, empty
5143, empty
5144, empty
5145, empty
5146, empty
5147, empty
5148, empty
5149, empty
5150, empty
5151, empty
5152, empty
5153, empty
5154, empty
5155, empty
5156, empty
5157, empty
5158, empty
5159, empty
5160, empty
5161, empty
5162, empty
5163, empty
5164, empty
5165, empty
5166, empty
5167, empty
5168, empty
5169, empty
5170, empty
5171, empty
5172, empty
5173, empty
5174, fetch_data
5175, empty
5176, empty
5177, empty
5178, empty
5179, empty
5180, empty
5181, empty
5182, empty
5183, empty
5184, empty
5185, empty
5186, empty
5187, empty
5188, empty
5189, empty
5190, empty
5191, empty
5192, empty
5193, empty
5194, empty
5195, empty
5196, empty
5197, empty
5198, empty
5199, empty
5200, empty
5204, empty
5207, empty
5208, empty
5214, empty
5216, empty
5217, empty
5218, empty
5219, empty
5220, empty
5221, empty
5222, empty
5223, empty
5224, empty
5226, empty
5228, empty
5229, empty
5231, empty
5232, empty
5233, empty
5235, empty
5236, empty
5237, empty
5238, empty
5239, empty
5240, empty
5241, empty
5242, empty
5244, empty
5246, csv
5247, empty
5248, empty
5249, empty
5250, empty
5252, empty
5253, empty
5254, empty
5256, empty
5257, empty
5260, empty
5261, empty
5262, empty
5265, empty
5266, empty
5267, empty
5268, empty
5270, empty
5271, empty
5273, empty
5275, empty
5277, empty
5279, empty
5280, empty
5282, empty
5283, empty
5286, empty
5290, empty
5292, empty
5293, empty
5294, empty
5295, empty
5296, empty
5297, empty
5298, empty
5299, empty
5300, empty
5303, empty
5307, empty
5308, empty
5311, empty
5313, empty
5316, empty
5318, empty
5319, empty
5320, empty
5322, empty
5323, empty
5325, empty
5326, empty
5327, empty
5329, empty
5330, empty
5331, empty
5332, empty
5333, fetch_data
5334, empty
5335, empty
5336, empty
5337, empty
5338, empty
5339, empty
5341, empty
5342, empty
5343, empty
5346, empty
5350, empty
5352, empty
5354, empty
5357, empty
5358, empty
5359, empty
5360, empty
5361, empty
5362, empty
5363, empty
5365, empty
5366, empty
5367, empty
5368, empty
5369, empty
5370, empty
5372, empty
5373, empty
5374, empty
5375, empty
5376, empty
5377, empty
5378, empty
5379, empty
5380, empty
5382, csv
5385, empty
5387, empty
5389, empty
5390, empty
5391, empty
5393, empty
5394, empty
5395, empty
5396, empty
5397, empty
5399, empty
5400, empty
5401, empty
5402, empty
5404, empty
5405, empty
5406, empty
5407, empty
5408, empty
5409, empty
5411, empty
5412, empty
5413, empty
5414, empty
5415, empty
5416, empty
5417, empty
5418, empty
5419, empty
5420, empty
5421, empty
5422, empty
5423, empty
5424, empty
5427, empty
5428, empty
5429, empty
5430, empty
5431, empty
5433, empty
5435, empty
5436, empty
5437, empty
5440, empty
5441, empty
5442, empty
5444, empty
5445, empty
5446, empty
5447, empty
5448, empty
5449, empty
5451, empty
5453, empty
5454, empty
5456, empty
5458, empty
5459, empty
5461, empty
5462, empty
5463, empty
5466, empty
5467, empty
5470, empty
5472, empty
5473, empty
5476, empty
5477, empty
5479, empty
5482, empty
5485, empty
5486, empty
5492, empty
5494, empty
5495, empty
5496, empty
5497, empty
5499, empty
5500, empty
5501, empty
5502, empty
5503, empty
5504, empty
5505, empty
5506, empty
5507, empty
5509, empty
5510, empty
5513, empty
5517, empty
5518, empty
5524, empty
5526, empty
5527, empty
5528, empty
5532, empty
5535, empty
5537, empty
5539, empty
5540, empty
5541, empty
5542, empty
5544, empty
5545, empty
5546, empty
5547, empty
5548, empty
5549, empty
5550, empty
5551, empty
5552, empty
5553, empty
5554, empty
5555, empty
5556, empty
5557, empty
5558, empty
5559, empty
5560, empty
5561, empty
5562, empty
5563, empty
5564, empty
5565, empty
5566, empty
5567, empty
5568, empty
5569, empty
5570, empty
5571, empty
5572, empty
5573, empty
5574, empty
5575, empty
5576, empty
5577, empty
5578, empty
5579, empty
5580, empty
5581, empty
5582, empty
5583, empty
5584, empty
5585, empty
5586, empty
5587, empty
5588, empty
5589, empty
5590, empty
5591, empty
5592, empty
5593, empty
5594, empty
5595, empty
5596, empty
5597, empty
5598, empty
5599, empty
5600, empty
5602, empty
5605, empty
5606, empty
5610, empty
5611, empty
5612, empty
5613, empty
5614, empty
5615, empty
5616, empty
5617, empty
5618, empty
5619, empty
5620, empty
5621, empty
5622, empty
5623, empty
5624, empty
5625, empty
5626, empty
5627, empty
5628, empty
5629, empty
5630, empty
5631, empty
5632, empty
5633, empty
5634, empty
5635, empty
5636, empty
5637, empty
5638, empty
5639, empty
5640, empty
5641, empty
5642, empty
5643, empty
5644, empty
5645, empty
5646, empty
5647, empty
5648, empty
5649, empty
5650, empty
5651, empty
5652, empty
5653, empty
5654, empty
5655, empty
5656, empty
5657, empty
5658, empty
5659, empty
5660, empty
5661, empty
5662, empty
5663, empty
5664, empty
5665, empty
5666, empty
5667, empty
5668, empty
5669, empty
5670, empty
5671, empty
5672, empty
5673, empty
5674, empty
5675, empty
5676, empty
5677, empty
5678, empty
5679, empty
5680, empty
5681, empty
5682, empty
5683, empty
5684, empty
5685, empty
5686, empty
5687, empty
5688, empty
5689, empty
5690, empty
5691, empty
5692, empty
5693, empty
5694, empty
5695, empty
5696, empty
5697, empty
5698, empty
5699, empty
5700, empty
5702, empty
5705, empty
5707, empty
5708, empty
5709, empty
5710, empty
5711, empty
5712, empty
5713, empty
5714, empty
5715, empty
5716, empty
5717, empty
5718, empty
5719, empty
5720, empty
5721, empty
5722, empty
5723, empty
5724, empty
5725, empty
5726, empty
5727, empty
5728, empty
5729, empty
5730, empty
5731, empty
5732, empty
5733, empty
5734, empty
5735, empty
5736, empty
5737, empty
5738, empty
5739, empty
5740, empty
5741, empty
5742, empty
5743, empty
5744, empty
5745, empty
5746, empty
5747, empty
5748, empty
5749, empty
5750, empty
5751, empty
5752, empty
5753, empty
5754, empty
5755, empty
5756, empty
5757, empty
5758, empty
5759, empty
5760, empty
5761, empty
5762, empty
5763, empty
5764, empty
5765, empty
5766, empty
5767, empty
5768, empty
5769, empty
5770, empty
5771, empty
5772, empty
5773, empty
5774, empty
5775, empty
5776, empty
5777, empty
5778, empty
5779, empty
5780, empty
5781, empty
5782, empty
5783, empty
5784, empty
5785, empty
5786, empty
5787, empty
5788, empty
5789, empty
5790, empty
5791, empty
5792, empty
5793, empty
5794, empty
5795, empty
5796, empty
5797, empty
5798, empty
5799, empty
5800, empty
5801, empty
5802, empty
5803, empty
5804, empty
5805, empty
5806, empty
5807, empty
5808, empty
5809, empty
5810, empty
5811, empty
5812, empty
5813, empty
5814, empty
5815, empty
5816, empty
5817, empty
5818, empty
5819, empty
5821, empty
5822, empty
5823, empty
5824, empty
5825, empty
5826, empty
5827, empty
5828, empty
5829, empty
5830, empty
5831, empty
5832, empty
5833, empty
5834, empty
5835, empty
5836, empty
5837, empty
5838, empty
5839, empty
5840, empty
5841, empty
5842, empty
5843, empty
5844, empty
5845, empty
5846, empty
5847, empty
5848, empty
5849, empty
5850, empty
5851, empty
5852, empty
5853, empty
5854, empty
5855, empty
5856, empty
5857, empty
5858, empty
5859, empty
5860, empty
5861, empty
5862, empty
5863, empty
5864, empty
5865, empty
5866, empty
5867, empty
5868, empty
5869, empty
5870, empty
5872, empty
5873, empty
5874, empty
5875, empty
5876, empty
5877, empty
5879, empty
5881, empty
5882, empty
5883, empty
5884, empty
5885, empty
5886, empty
5887, empty
5888, empty
5889, empty
5890, empty
5891, empty
5892, empty
5893, empty
5894, empty
5895, csv
5896, empty
5897, empty
5898, empty
5899, empty
5900, empty
5901, empty
5908, empty
5909, empty
5910, empty
5911, empty
5912, empty
5913, empty
5914, empty
5915, empty
5916, empty
5917, empty
5918, empty
5919, empty
5920, empty
5921, empty
5922, empty
5923, empty
5924, empty
5925, empty
5926, empty
5927, empty
5928, empty
5929, empty
5930, empty
5931, empty
5932, empty
5933, empty
5934, empty
5935, empty
5936, empty
5937, empty
5938, empty
5939, empty
5940, empty
5941, empty
5942, empty
5943, empty
5944, empty
5945, empty
5946, empty
5947, empty
5948, empty
5949, empty
5950, empty
5951, empty
5952, empty
5953, empty
5954, empty
5955, empty
5956, empty
5957, empty
5958, empty
5959, empty
5960, empty
5961, empty
5962, empty
5963, empty
5964, empty
5965, empty
5966, empty
5967, empty
5968, empty
5969, empty
5970, empty
5971, empty
5972, empty
5973, empty
5974, empty
5975, empty
5976, empty
5977, empty
5978, empty
5979, empty
5980, empty
5981, empty
5982, empty
5983, empty
5984, empty
5985, empty
5986, empty
5987, empty
5988, empty
5989, empty
5990, empty
5991, empty
5992, empty
5993, empty
5994, empty
5995, empty
5996, empty
5997, empty
5998, empty
5999, empty
6000, empty
6001, empty
6002, empty
6003, empty
6004, empty
6006, empty
6007, empty
6008, empty
6009, empty
6010, empty
6011, empty
6012, empty
6013, empty
6014, empty
6017, empty
6018, empty
6019, empty
6025, empty
6027, empty
6028, empty
6029, empty
6030, empty
6031, empty
6032, empty
6033, empty
6034, empty
6035, empty
6036, empty
6037, empty
6038, empty
6039, empty
6040, empty
6041, empty
6042, empty
6043, empty
6044, empty
6045, empty
6046, empty
6047, empty
6048, empty
6049, empty
6050, empty
6051, empty
6052, empty
6053, empty
6054, empty
6055, empty
6056, empty
6057, empty
6058, empty
6059, empty
6060, empty
6061, empty
6062, empty
6063, empty
6064, empty
6065, empty
6066, empty
6067, empty
6068, empty
6069, empty
6070, empty
6071, empty
6072, empty
6073, empty
6074, empty
6075, empty
6076, empty
6077, empty
6078, empty
6079, empty
6080, empty
6081, empty
6082, empty
6083, empty
6084, empty
6085, empty
6086, empty
6087, empty
6088, empty
6089, empty
6090, empty
6091, empty
6092, empty
6093, empty
6094, empty
6095, empty
6096, empty
6097, empty
6098, empty
6099, empty
6100, empty
6102, empty
6106, empty
6110, empty
6119, empty
6132, empty
6135, empty
6137, empty
6149, empty
6157, empty
6159, empty
6162, empty
6178, empty
6181, empty
6193, empty
6200, empty
6210, csv
6211, empty
6232, empty
6249, empty
6250, empty
6252, empty
6253, empty
6254, empty
6255, empty
6256, empty
6258, empty
6260, empty
6262, empty
6267, empty
6268, empty
6272, empty
6273, empty
6280, empty
6286, empty
6288, empty
6293, empty
6295, empty
6296, empty
6297, empty
6299, empty
6300, empty
6301, empty
6302, empty
6303, empty
6304, empty
6305, empty
6306, empty
6307, empty
6308, empty
6309, empty
6310, empty
6311, empty
6312, fetch_data
6313, empty
6314, empty
6315, empty
6316, empty
6317, empty
6318, empty
6319, fetch_data
6320, empty
6321, empty
6322, empty
6323, empty
6324, empty
6325, empty
6326, empty
6327, empty
6328, empty
6329, empty
6330, empty
6331, empty
6332, empty
6333, empty
6334, empty
6335, empty
6336, empty
6337, empty
6338, empty
6339, empty
6340, empty
6341, empty
6342, empty
6343, empty
6344, empty
6345, empty
6346, empty
6347, empty
6348, empty
6349, empty
6350, empty
6351, empty
6352, empty
6353, empty
6354, empty
6355, empty
6356, empty
6357, empty
6358, empty
6359, empty
6360, empty
6361, empty
6362, empty
6363, empty
6364, empty
6365, empty
6366, empty
6367, empty
6368, empty
6369, empty
6370, empty
6371, empty
6372, empty
6373, empty
6374, empty
6375, empty
6376, empty
6377, empty
6378, empty
6379, empty
6380, empty
6381, empty
6382, empty
6383, empty
6384, empty
6385, empty
6386, empty
6387, empty
6388, empty
6389, empty
6390, empty
6391, empty
6392, empty
6393, empty
6394, empty
6395, empty
6396, empty
6397, empty
6398, empty
6399, empty
6400, empty
6401, empty
6402, empty
6403, empty
6406, empty
6407, empty
6408, empty
6410, empty
6413, empty
6416, empty
6418, empty
6420, empty
6421, empty
6423, empty
6424, empty
6425, empty
6427, empty
6428, empty
6429, empty
6430, empty
6432, fetch_data
6433, empty
6434, empty
6436, empty
6437, empty
6439, empty
6440, empty
6441, empty
6444, empty
6445, empty
6447, empty
6448, fetch_data
6450, empty
6453, empty
6454, empty
6455, empty
6458, empty
6459, empty
6460, empty
6461, empty
6463, empty
6466, empty
6467, empty
6468, empty
6471, empty
6473, empty
6474, empty
6475, empty
6476, empty
6478, empty
6479, empty
6480, empty
6481, empty
6483, empty
6484, empty
6487, empty
6488, fetch_data
6489, empty
6490, empty
6491, empty
6493, empty
6495, empty
6497, empty
6498, empty
6500, empty
6501, empty
6502, empty
6503, empty
6507, empty
6511, empty
6513, empty
6515, empty
6516, empty
6517, empty
6518, empty
6519, empty
6520, empty
6521, empty
6522, empty
6524, empty
6526, empty
6527, empty
6528, empty
6529, empty
6530, empty
6534, empty
6536, empty
6537, empty
6539, empty
6540, empty
6541, empty
6543, empty
6544, empty
6545, empty
6546, empty
6547, empty
6549, empty
6550, empty
6551, empty
6553, empty
6555, empty
6556, empty
6557, empty
6558, empty
6559, empty
6561, empty
6562, empty
6563, empty
6564, empty
6565, empty
6566, empty
6567, empty
6570, empty
6571, empty
6572, empty
6573, empty
6574, empty
6575, empty
6576, empty
6578, empty
6579, empty
6580, empty
6581, empty
6582, csv
6583, empty
6584, empty
6585, empty
6586, empty
6587, empty
6588, empty
6589, empty
6590, empty
6591, empty
6592, empty
6593, empty
6595, empty
6596, empty
6597, empty
6598, empty
6599, empty
6600, empty
6601, empty
6602, empty
6604, empty
6606, empty
6607, empty
6608, empty
6610, empty
6611, empty
6612, empty
6613, empty
6614, empty
6615, empty
6616, empty
6617, empty
6618, empty
6619, empty
6620, empty
6621, empty
6622, empty
6623, empty
6624, empty
6625, empty
6626, empty
6627, empty
6628, empty
6629, empty
6630, empty
6631, empty
6632, empty
6633, empty
6634, empty
6635, empty
6636, empty
6637, empty
6638, empty
6639, empty
6640, empty
6641, empty
6642, empty
6643, empty
6644, empty
6645, empty
6646, empty
6647, empty
6648, empty
6649, empty
6650, empty
6651, empty
6652, empty
6653, empty
6654, empty
6655, empty
6656, empty
6657, empty
6658, empty
6659, empty
6660, empty
6661, empty
6662, empty
6663, empty
6664, empty
6665, empty
6666, empty
6667, empty
6668, empty
6669, empty
6670, empty
6671, empty
6672, empty
6673, empty
6674, empty
6675, empty
6676, empty
6677, empty
6678, empty
6679, empty
6680, empty
6681, empty
6682, empty
6683, empty
6684, empty
6685, empty
6686, empty
6687, empty
6688, empty
6689, empty
6690, empty
6691, empty
6692, empty
6693, empty
6694, empty
6695, empty
6696, empty
6697, empty
6698, empty
6699, empty
6700, empty
6701, empty
6702, empty
6703, empty
6704, empty
6705, empty
6706, empty
6707, empty
6708, empty
6709, empty
6710, empty
6711, empty
6712, empty
6713, empty
6714, empty
6715, empty
6716, empty
6717, empty
6718, empty
6719, empty
6720, empty
6721, empty
6722, empty
6723, empty
6724, empty
6725, empty
6726, empty
6727, empty
6728, empty
6729, empty
6730, empty
6731, empty
6732, empty
6733, empty
6734, empty
6735, empty
6736, empty
6737, empty
6738, empty
6739, empty
6740, empty
6741, empty
6742, empty
6743, empty
6744, empty
6745, empty
6746, empty
6747, empty
6748, empty
6749, empty
6750, empty
6751, empty
6752, empty
6753, empty
6754, empty
6755, empty
6756, empty
6757, empty
6758, empty
6759, empty
6760, empty
6761, empty
6762, empty
6763, empty
6764, empty
6765, empty
6766, empty
6767, empty
6768, empty
6769, empty
6770, empty
6771, empty
6772, empty
6773, empty
6774, empty
6775, empty
6776, empty
6777, empty
6778, empty
6779, empty
6780, empty
6781, empty
6782, empty
6783, empty
6784, empty
6785, empty
6786, empty
6787, empty
6788, empty
6789, empty
6790, empty
6791, empty
6792, empty
6793, empty
6794, empty
6795, empty
6796, empty
6797, empty
6798, empty
6799, empty
6800, empty
6801, empty
6802, empty
6804, empty
6805, empty
6806, empty
6807, empty
6808, empty
6809, empty
6810, empty
6811, empty
6812, empty
6813, empty
6814, empty
6815, empty
6816, empty
6817, empty
6818, empty
6819, empty
6820, empty
6821, empty
6822, empty
6823, empty
6824, empty
6825, empty
6826, empty
6827, empty
6828, empty
6829, empty
6830, empty
6831, empty
6832, empty
6833, empty
6834, empty
6835, empty
6836, empty
6837, empty
6838, empty
6839, empty
6840, empty
6841, empty
6842, empty
6843, empty
6844, empty
6845, empty
6846, empty
6847, empty
6848, empty
6849, empty
6850, empty
6851, empty
6852, empty
6853, empty
6854, empty
6855, empty
6856, empty
6857, empty
6858, empty
6859, empty
6860, empty
6861, empty
6862, empty
6863, empty
6864, empty
6865, empty
6866, empty
6867, empty
6868, empty
6869, empty
6870, empty
6871, empty
6872, empty
6873, empty
6874, empty
6875, empty
6876, empty
6877, empty
6878, empty
6879, empty
6880, empty
6881, empty
6882, empty
6883, empty
6884, empty
6885, empty
6886, empty
6887, empty
6888, empty
6889, empty
6890, empty
6891, empty
6892, empty
6893, empty
6894, empty
6895, empty
6896, empty
6897, empty
6898, empty
6899, empty
6900, empty
6901, empty
6902, empty
6903, empty
6904, empty
6905, empty
6906, empty
6907, empty
6908, empty
6909, empty
6910, empty
6911, empty
6912, empty
6913, empty
6914, empty
6915, empty
6916, empty
6917, empty
6918, empty
6919, empty
6920, empty
6921, empty
6922, empty
6923, empty
6924, empty
6925, empty
6926, empty
6927, empty
6928, empty
6929, empty
6930, empty
6931, empty
6932, empty
6933, empty
6934, empty
6935, empty
6936, empty
6937, empty
6938, empty
6939, empty
6940, empty
6941, empty
6942, empty
6943, empty
6944, empty
6945, empty
6946, empty
6947, empty
6948, empty
6949, empty
6950, empty
6951, empty
6952, empty
6953, empty
6954, empty
6955, empty
6956, empty
6957, empty
6958, empty
6959, empty
6960, empty
6961, empty
6962, empty
6963, empty
6964, empty
6965, empty
6966, empty
6967, empty
6968, empty
6969, empty
6970, empty
6971, empty
6972, empty
6973, empty
6974, empty
6975, empty
6976, empty
6977, empty
6978, empty
6979, empty
6980, empty
6981, empty
6982, empty
6983, empty
6984, empty
6985, empty
6986, empty
6987, empty
6988, empty
6989, empty
6990, empty
6991, empty
6992, empty
6993, empty
6994, empty
6995, empty
6996, empty
6997, empty
6998, empty
6999, empty
7000, empty
7001, empty
7002, empty
7003, empty
7004, empty
7005, empty
7006, empty
7007, empty
7008, empty
7009, empty
7010, empty
7011, empty
7012, empty
7013, empty
7014, empty
7015, empty
7016, empty
7017, empty
7018, empty
7019, empty
7020, empty
7021, empty
7022, empty
7023, empty
7024, empty
7025, empty
7026, empty
7027, empty
7028, empty
7029, empty
7030, empty
7031, empty
7032, empty
7033, empty
7034, empty
7035, empty
7036, empty
7037, empty
7038, empty
7039, empty
7040, empty
7041, empty
7042, empty
7043, empty
7044, empty
7045, empty
7046, empty
7047, empty
7048, empty
7049, empty
7050, empty
7051, empty
7052, empty
7053, empty
7054, empty
7055, empty
7056, empty
7057, empty
7058, empty
7059, empty
7060, empty
7061, empty
7062, empty
7063, empty
7064, empty
7065, empty
7066, empty
7067, empty
7068, empty
7069, empty
7070, empty
7071, empty
7072, empty
7073, empty
7074, empty
7075, empty
7076, empty
7077, empty
7078, empty
7079, empty
7080, empty
7081, empty
7082, empty
7083, empty
7084, empty
7085, empty
7086, empty
7087, empty
7088, empty
7089, empty
7090, empty
7091, empty
7092, empty
7093, empty
7094, empty
7095, empty
7096, empty
7097, empty
7098, empty
7099, empty
7100, empty
7101, empty
7102, empty
7103, empty
7104, empty
7105, empty
7106, empty
7107, empty
7108, empty
7109, empty
7110, empty
7111, empty
7112, empty
7113, empty
7114, empty
7115, empty
7116, empty
7117, empty
7118, empty
7119, empty
7120, empty
7121, empty
7122, empty
7123, empty
7124, empty
7125, empty
7126, empty
7127, empty
7128, empty
7129, empty
7130, empty
7131, empty
7132, empty
7133, empty
7134, empty
7135, empty
7136, empty
7137, empty
7138, empty
7139, empty
7140, empty
7141, empty
7142, empty
7143, empty
7144, empty
7145, empty
7146, empty
7147, empty
7148, empty
7149, empty
7150, empty
7151, empty
7152, empty
7153, empty
7154, empty
7155, empty
7156, csv
7157, empty
7158, empty
7159, empty
7160, empty
7161, empty
7162, empty
7163, empty
7164, empty
7165, empty
7166, empty
7167, empty
7168, empty
7169, empty
7170, empty
7171, empty
7172, empty
7173, empty
7174, empty
7175, empty
7176, empty
7177, empty
7178, empty
7179, empty
7180, empty
7181, empty
7182, empty
7183, empty
7184, empty
7185, empty
7186, empty
7187, empty
7188, empty
7189, empty
7190, empty
7191, empty
7192, empty
7193, empty
7194, empty
7195, empty
7196, empty
7197, empty
7198, empty
7199, empty
7200, empty
7201, empty
7202, empty
7203, empty
7204, empty
7205, empty
7206, empty
7207, empty
7208, empty
7209, empty
7210, empty
7211, empty
7212, empty
7213, empty
7214, empty
7215, empty
7216, empty
7217, empty
7218, empty
7219, empty
7220, empty
7221, empty
7222, empty
7223, empty
7224, empty
7225, empty
7226, empty
7227, empty
7228, empty
7229, empty
7230, empty
7231, empty
7232, empty
7233, empty
7234, empty
7235, empty
7236, empty
7237, empty
7238, empty
7239, empty
7240, empty
7241, empty
7242, empty
7243, empty
7244, empty
7245, empty
7246, empty
7247, empty
7248, empty
7249, empty
7250, empty
7251, empty
7252, empty
7253, empty
7254, empty
7255, empty
7256, empty
7257, empty
7258, empty
7259, empty
7260, empty
7261, empty
7262, empty
7263, empty
7264, empty
7265, empty
7266, empty
7267, empty
7268, empty
7269, empty
7270, empty
7271, empty
7272, empty
7273, empty
7274, empty
7275, empty
7276, empty
7277, empty
7278, empty
7279, empty
7280, empty
7281, empty
7282, empty
7283, empty
7284, empty
7285, empty
7286, empty
7287, empty
7288, empty
7289, empty
7290, empty
7291, empty
7292, empty
7293, empty
7294, empty
7295, empty
7296, empty
7297, empty
7298, empty
7299, empty
7300, empty
7301, empty
7302, empty
7303, empty
7304, empty
7305, empty
7306, empty
7307, empty
7308, empty
7309, empty
7310, empty
7311, empty
7312, empty
7313, empty
7314, empty
7315, empty
7316, empty
7317, empty
7318, empty
7319, empty
7320, empty
7321, empty
7322, empty
7323, empty
7324, empty
7325, empty
7326, empty
7327, empty
7328, empty
7329, empty
7330, empty
7331, empty
7332, empty
7333, fetch_data
7334, empty
7335, empty
7336, empty
7337, empty
7338, empty
7339, empty
7340, empty
7341, empty
7342, empty
7343, empty
7344, empty
7345, empty
7346, empty
7347, empty
7348, empty
7349, empty
7350, empty
7351, empty
7352, empty
7353, empty
7354, empty
7355, empty
7356, empty
7357, empty
7358, empty
7359, empty
7360, empty
7361, empty
7362, empty
7363, empty
7364, empty
7365, empty
7366, csv
7367, empty
7368, empty
7369, empty
7370, empty
7371, empty
7372, empty
7373, empty
7374, empty
7375, empty
7376, empty
7377, empty
7378, empty
7379, empty
7380, empty
7381, empty
7382, empty
7383, empty
7384, empty
7385, empty
7386, empty
7387, empty
7388, empty
7389, empty
7390, empty
7391, empty
7392, empty
7393, empty
7394, empty
7395, empty
7396, empty
7397, empty
7398, empty
7399, empty
7400, empty
7401, empty
7403, empty
7404, empty
7405, empty
7406, empty
7407, empty
7408, empty
7409, csv
7410, empty
7411, empty
7412, empty
7413, empty
7414, empty
7415, empty
7416, empty
7417, empty
7418, empty
7419, empty
7420, empty
7421, empty
7422, empty
7423, empty
7424, empty
7425, empty
7426, empty
7427, empty
7428, empty
7429, empty
7430, empty
7431, empty
7432, empty
7433, empty
7434, empty
7435, empty
7436, empty
7437, empty
7438, empty
7439, empty
7440, empty
7441, empty
7442, empty
7443, empty
7444, empty
7445, empty
7446, empty
7447, empty
7448, empty
7449, empty
7450, empty
7451, empty
7452, empty
7453, empty
7454, empty
7455, empty
7456, empty
7457, empty
7458, empty
7459, empty
7460, empty
7461, empty
7462, empty
7463, empty
7464, empty
7465, empty
7466, empty
7467, empty
7468, empty
7469, empty
7470, empty
7471, empty
7472, empty
7473, empty
7474, empty
7475, empty
7476, empty
7477, empty
7478, empty
7479, empty
7480, empty
7481, empty
7482, empty
7483, empty
7484, empty
7485, empty
7486, empty
7487, empty
7488, empty
7489, empty
7490, empty
7491, empty
7492, empty
7493, empty
7494, empty
7495, empty
7496, empty
7497, empty
7498, empty
7499, empty
7500, empty
7501, empty
7502, empty
7503, empty
7504, empty
7505, empty
7506, empty
7507, csv
7508, empty
7509, empty
7510, empty
7511, empty
7512, empty
7513, empty
7514, empty
7515, empty
7516, empty
7517, empty
7518, empty
7519, empty
7520, empty
7521, empty
7522, empty
7523, empty
7524, empty
7525, empty
7526, empty
7527, empty
7528, empty
7529, empty
7530, empty
7531, empty
7532, empty
7533, empty
7534, empty
7535, empty
7536, empty
7537, empty
7538, empty
7539, empty
7540, empty
7541, empty
7542, empty
7543, empty
7544, empty
7545, csv
7546, fetch_data
7547, fetch_data
7548, fetch_data
7549, fetch_data
7550, empty
7551, empty
7552, empty
7553, empty
7554, empty
7555, empty
7556, empty
7557, empty
7558, empty
7559, empty
7560, empty
7561, empty
7562, empty
7563, empty
7564, empty
7565, empty
7566, empty
7567, empty
7568, empty
7569, empty
7570, empty
7571, empty
7572, empty
7573, empty
7574, empty
7575, empty
7576, empty
7577, empty
7578, empty
7579, empty
7580, empty
7581, empty
7582, empty
7583, empty
7584, empty
7585, empty
7586, empty
7587, empty
7588, empty
7589, empty
7590, empty
7591, empty
7592, empty
7593, empty
7594, empty
7595, empty
7596, empty
7597, empty
7598, empty
7599, empty
7600, empty
7601, empty
7602, empty
7603, empty
7604, empty
7605, empty
7606, empty
7607, empty
7608, empty
7609, empty
7610, empty
7611, empty
7612, empty
7613, empty
7614, empty
7615, empty
7616, empty
7617, empty
7618, empty
7619, empty
7620, empty
7621, empty
7622, empty
7623, empty
7624, empty
7625, empty
7626, empty
7627, empty
7628, empty
7629, empty
7630, empty
7631, empty
7632, empty
7633, empty
7634, empty
7635, empty
7636, empty
7637, empty
7638, empty
7639, empty
7640, empty
7641, empty
7642, empty
7643, empty
7644, empty
7645, empty
7646, empty
7647, empty
7648, empty
7649, empty
7650, empty
7651, empty
7652, empty
7653, empty
7654, empty
7655, empty
7656, empty
7657, empty
7658, empty
7659, empty
7660, empty
7661, empty
7662, empty
7663, empty
7664, empty
7665, empty
7666, empty
7667, empty
7668, empty
7669, empty
7670, empty
7671, empty
7672, empty
7673, empty
7674, empty
7675, empty
7676, empty
7677, empty
7678, empty
7679, empty
7680, empty
7681, empty
7682, empty
7683, empty
7684, empty
7685, empty
7686, empty
7687, empty
7688, empty
7689, empty
7690, empty
7691, fetch_data
7692, empty
7693, empty
7694, empty
7695, empty
7696, empty
7697, empty
7698, empty
7699, empty
7700, empty
7701, empty
7702, empty
7703, empty
7704, empty
7705, empty
7706, empty
7707, empty
7708, empty
7709, empty
7710, empty
7711, empty
7712, empty
7713, empty
7714, empty
7715, empty
7716, empty
7717, empty
7718, empty
7719, empty
7720, empty
7721, empty
7722, fetch_data
7723, empty
7724, csv
7725, empty
7726, empty
7727, empty
7728, empty
7729, empty
7730, empty
7731, empty
7732, fetch_data
7733, empty
7734, empty
7735, empty
7736, empty
7737, empty
7738, empty
7739, empty
7740, empty
7741, empty
7742, empty
7743, empty
7744, csv
7745, empty
7746, empty
7747, empty
7748, empty
7749, empty
7750, empty
7751, empty
7752, empty
7753, empty
7754, empty
7755, empty
7756, empty
7757, empty
7758, empty
7759, empty
7760, empty
7761, empty
7762, empty
7763, empty
7764, empty
7765, empty
7766, empty
7767, empty
7768, empty
7769, empty
7770, empty
7771, empty
7772, empty
7773, empty
7774, empty
7775, empty
7776, empty
7777, empty
7778, empty
7779, empty
7780, empty
7781, empty
7782, empty
7783, fetch_data
7784, empty
7785, empty
7786, empty
7787, empty
7788, empty
7789, empty
7790, empty
7791, empty
7792, empty
7793, empty
7794, empty
7795, empty
7796, empty
7797, empty
7798, empty
7799, empty
7800, empty
7801, empty
7802, empty
7803, empty
7804, empty
7805, empty
7806, empty
7807, empty
7808, empty
7809, empty
7810, empty
7811, empty
7812, empty
7813, empty
7814, empty
7815, empty
7816, empty
7817, empty
7818, empty
7819, empty
7820, empty
7821, empty
7822, empty
7823, empty
7824, empty
7825, empty
7826, empty
7827, empty
7828, empty
7829, empty
7830, empty
7831, empty
7832, empty
7833, empty
7834, empty
7835, empty
7836, empty
7837, empty
7838, empty
7839, empty
7840, empty
7841, empty
7842, empty
7843, empty
7844, empty
7845, empty
7846, empty
7847, empty
7848, empty
7849, empty
7850, empty
7851, empty
7852, empty
7853, empty
7854, empty
7855, empty
7856, empty
7857, empty
7858, empty
7859, empty
7860, empty
7861, empty
7862, empty
7863, empty
7864, empty
7865, empty
7866, empty
7867, empty
7868, empty
7869, empty
7870, empty
7871, empty
7872, empty
7873, empty
7874, empty
7875, empty
7876, empty
7877, empty
7878, empty
7879, empty
7880, empty
7881, empty
7882, empty
7883, empty
7884, empty
7885, empty
7886, empty
7887, empty
7888, empty
7889, empty
7890, empty
7891, empty
7892, empty
7893, empty
7894, empty
7895, empty
7896, empty
7897, empty
7898, empty
7899, empty
7900, empty
7901, empty
7902, empty
7903, empty
7904, empty
7905, empty
7906, empty
7907, empty
7908, empty
7909, empty
7910, empty
7911, empty
7912, empty
7913, empty
7914, empty
7915, empty
7916, empty
7917, empty
7918, empty
7919, empty
7920, empty
7921, empty
7922, empty
7923, empty
7924, empty
7925, empty
7926, empty
7927, empty
7928, empty
7929, empty
7930, empty
7931, empty
7932, empty
7933, empty
7934, empty
7935, empty
7936, empty
7937, empty
7938, empty
7939, empty
7940, empty
7941, empty
7942, empty
7943, empty
7944, empty
7945, empty
7946, empty
7947, empty
7948, empty
7949, empty
7950, empty
7951, empty
7952, empty
7953, empty
7954, empty
7955, empty
7956, empty
7957, empty
7958, empty
7959, empty
7960, empty
7961, empty
7962, empty
7963, empty
7964, empty
7965, empty
7966, empty
7967, empty
7968, empty
7969, empty
7970, empty
7971, empty
7972, empty
7973, empty
7974, empty
7975, empty
7976, empty
7977, empty
7978, empty
7979, empty
7980, empty
7981, empty
7982, empty
7983, empty
7984, empty
7985, empty
7986, empty
7987, empty
7988, empty
7989, empty
7990, empty
7991, empty
7992, empty
7993, empty
7994, empty
7995, empty
7996, empty
7997, empty
7998, empty
7999, empty
8000, empty
8001, empty
8002, empty
8003, empty
8004, empty
8005, empty
8006, empty
8007, empty
8008, empty
8009, empty
8010, empty
8012, empty
8013, empty
8014, empty
8015, empty
8017, empty
8018, empty
8019, empty
8020, empty
8022, empty
8023, empty
8025, empty
8026, empty
8028, empty
8029, empty
8030, empty
8031, empty
8035, empty
8036, empty
8037, empty
8041, empty
8045, empty
8051, empty
8052, empty
8053, empty
8055, empty
8056, empty
8057, empty
8058, empty
8060, empty
8061, empty
8062, empty
8063, empty
8065, empty
8073, empty
8075, empty
8078, empty
8079, empty
8082, empty
8089, empty
8090, empty
8094, empty
8095, empty
8098, empty
8100, empty
8102, empty
8104, empty
8106, empty
8108, empty
8113, empty
8115, empty
8116, empty
8117, empty
8118, empty
8119, empty
8120, empty
8122, empty
8123, empty
8124, empty
8125, empty
8126, empty
8127, empty
8128, empty
8129, empty
8130, empty
8132, empty
8133, empty
8134, empty
8135, empty
8136, empty
8137, empty
8138, empty
8139, empty
8140, empty
8141, empty
8142, empty
8143, empty
8144, empty
8145, empty
8146, empty
8148, empty
8149, empty
8151, empty
8152, empty
8153, empty
8154, empty
8156, empty
8157, empty
8158, empty
8159, empty
8160, empty
8161, empty
8162, empty
8164, empty
8165, empty
8166, empty
8167, empty
8168, empty
8169, empty
8170, csv
8172, empty
8173, empty
8174, empty
8175, empty
8177, empty
8178, empty
8179, empty
8180, empty
8181, empty
8184, empty
8185, empty
8186, empty
8187, empty
8188, empty
8189, empty
8190, empty
8191, empty
8192, empty
8193, empty
8194, empty
8195, empty
8196, empty
8197, empty
8198, empty
8199, empty
8200, empty
8202, empty
8203, empty
8204, empty
8205, empty
8206, empty
8207, empty
8208, empty
8209, empty
8211, empty
8212, empty
8214, empty
8216, empty
8217, empty
8218, empty
8219, empty
8220, fetch_data
8221, empty
8223, empty
8224, empty
8225, empty
8226, empty
8227, empty
8228, empty
8229, empty
8230, empty
8231, empty
8232, empty
8233, empty
8235, empty
8236, empty
8237, empty
8238, empty
8239, empty
8241, empty
8242, empty
8243, empty
8244, empty
8245, empty
8246, empty
8247, empty
8248, empty
8250, empty
8251, empty
8252, empty
8253, empty
8254, empty
8256, empty
8257, empty
8258, empty
8259, empty
8260, empty
8262, empty
8263, empty
8264, empty
8265, empty
8266, empty
8267, empty
8268, empty
8269, empty
8270, empty
8272, empty
8273, empty
8274, empty
8275, empty
8276, empty
8278, empty
8280, empty
8281, empty
8282, empty
8283, empty
8284, empty
8285, empty
8286, empty
8288, empty
8290, empty
8292, empty
8293, empty
8294, empty
8295, empty
8296, empty
8297, empty
8298, empty
8300, empty
8301, empty
8302, empty
8303, empty
8304, empty
8305, empty
8306, empty
8307, empty
8308, empty
8309, empty
8310, empty
8311, empty
8312, empty
8313, empty
8314, empty
8315, empty
8316, empty
8317, empty
8318, empty
8319, empty
8320, empty
8321, empty
8322, empty
8323, empty
8324, empty
8325, empty
8326, empty
8327, empty
8328, empty
8329, empty
8330, empty
8331, empty
8332, empty
8333, empty
8334, empty
8335, empty
8336, empty
8337, empty
8338, empty
8339, empty
8340, empty
8342, empty
8343, empty
8344, empty
8345, empty
8346, empty
8347, empty
8348, empty
8350, empty
8351, empty
8352, empty
8353, empty
8355, empty
8356, empty
8357, empty
8359, empty
8360, empty
8361, empty
8362, empty
8363, empty
8364, empty
8365, empty
8366, empty
8367, empty
8368, empty
8369, empty
8370, empty
8371, empty
8372, empty
8373, empty
8375, empty
8376, empty
8377, empty
8378, empty
8379, empty
8380, empty
8381, empty
8382, empty
8384, empty
8385, empty
8386, empty
8387, csv
8388, empty
8389, empty
8391, empty
8392, empty
8393, empty
8394, empty
8395, empty
8396, empty
8397, empty
8398, empty
8399, empty
8400, empty
8402, empty
8405, empty
8407, empty
8408, empty
8412, empty
8413, empty
8414, empty
8417, empty
8419, empty
8425, empty
8428, empty
8430, empty
8434, empty
8438, empty
8439, empty
8440, empty
8441, empty
8445, empty
8447, empty
8448, empty
8449, empty
8451, empty
8452, empty
8453, empty
8456, empty
8457, empty
8458, empty
8459, empty
8460, empty
8461, empty
8465, empty
8468, empty
8469, empty
8470, empty
8471, empty
8474, empty
8475, empty
8478, empty
8479, empty
8482, empty
8483, empty
8484, empty
8485, empty
8486, empty
8487, empty
8490, empty
8491, empty
8492, empty
8493, empty
8494, empty
8495, empty
8496, empty
8497, empty
8498, empty
8499, fetch_data
8500, empty
8501, empty
8502, empty
8503, empty
8504, empty
8505, empty
8506, empty
8507, empty
8508, empty
8509, empty
8510, fetch_data
8511, empty
8512, empty
8513, empty
8514, empty
8515, empty
8516, empty
8517, empty
8518, fetch_data
8519, empty
8520, empty
8521, empty
8522, empty
8523, empty
8524, empty
8525, empty
8526, empty
8527, empty
8528, empty
8529, fetch_data
8530, empty
8531, empty
8532, empty
8533, empty
8534, empty
8535, empty
8536, empty
8537, empty
8538, empty
8539, empty
8540, empty
8541, empty
8542, empty
8543, empty
8544, empty
8545, empty
8546, empty
8547, empty
8548, empty
8549, empty
8550, empty
8551, empty
8552, empty
8553, empty
8554, empty
8555, empty
8556, empty
8557, empty
8558, empty
8559, empty
8560, empty
8561, empty
8562, empty
8563, empty
8564, empty
8565, empty
8566, empty
8567, empty
8568, empty
8569, empty
8570, empty
8571, empty
8572, empty
8573, empty
8574, empty
8575, empty
8576, empty
8577, empty
8578, empty
8579, empty
8580, empty
8581, empty
8582, empty
8583, empty
8584, empty
8585, empty
8586, empty
8587, empty
8588, empty
8589, empty
8590, empty
8591, empty
8592, empty
8593, empty
8594, empty
8595, empty
8596, empty
8597, empty
8598, empty
8599, empty
8600, empty
8601, empty
8602, empty
8603, empty
8604, empty
8605, empty
8606, empty
8607, empty
8608, empty
8609, empty
8610, empty
8611, empty
8612, empty
8613, empty
8614, empty
8615, empty
8616, empty
8617, empty
8618, empty
8619, empty
8620, empty
8621, empty
8622, empty
8623, empty
8624, empty
8625, empty
8626, empty
8627, empty
8628, empty
8629, empty
8630, empty
8631, empty
8632, empty
8633, empty
8634, empty
8635, empty
8636, empty
8637, empty
8638, empty
8639, empty
8640, empty
8641, empty
8642, empty
8643, empty
8644, empty
8645, empty
8646, empty
8647, empty
8648, empty
8649, empty
8650, empty
8651, empty
8652, empty
8653, empty
8654, empty
8655, empty
8656, empty
8657, empty
8658, empty
8659, empty
8660, empty
8661, empty
8662, empty
8663, empty
8664, empty
8665, empty
8666, empty
8667, empty
8668, empty
8669, empty
8670, empty
8671, empty
8672, empty
8673, empty
8674, empty
8675, empty
8676, empty
8677, empty
8678, empty
8679, empty
8680, empty
8681, empty
8682, empty
8683, empty
8684, empty
8685, empty
8686, empty
8687, empty
8688, empty
8689, empty
8690, empty
8691, empty
8692, empty
8693, empty
8694, empty
8695, empty
8696, empty
8697, empty
8698, empty
8699, empty
8700, empty
8701, empty
8702, empty
8703, empty
8704, empty
8705, empty
8706, empty
8707, empty
8708, empty
8709, empty
8710, empty
8711, empty
8712, empty
8713, empty
8714, empty
8715, empty
8716, empty
8717, empty
8718, empty
8719, empty
8720, empty
8721, empty
8722, fetch_data
8723, empty
8724, empty
8725, empty
8726, empty
8727, empty
8728, empty
8729, empty
8730, empty
8731, empty
8732, empty
8733, empty
8734, empty
8735, empty
8736, empty
8737, empty
8738, empty
8739, empty
8740, empty
8741, empty
8742, empty
8743, empty
8744, empty
8745, empty
8746, empty
8747, empty
8748, empty
8749, empty
8750, csv
8751, empty
8752, empty
8753, empty
8754, empty
8755, empty
8756, empty
8757, empty
8758, empty
8759, empty
8760, empty
8761, empty
8762, empty
8763, empty
8764, empty
8765, empty
8766, empty
8767, empty
8768, empty
8769, empty
8770, empty
8771, empty
8772, empty
8773, empty
8774, empty
8775, empty
8776, empty
8777, empty
8778, empty
8779, empty
8780, empty
8781, empty
8782, empty
8783, empty
8784, empty
8785, empty
8786, empty
8787, empty
8788, empty
8789, csv
8790, empty
8791, empty
8792, empty
8793, empty
8794, empty
8795, empty
8796, empty
8797, empty
8798, empty
8799, empty
8800, empty
8801, empty
8802, empty
8803, empty
8804, empty
8805, empty
8806, empty
8807, empty
8808, empty
8809, empty
8810, empty
8811, empty
8812, empty
8813, empty
8814, empty
8815, empty
8816, empty
8817, empty
8818, empty
8819, empty
8820, empty
8821, empty
8822, empty
8823, empty
8824, empty
8825, empty
8826, empty
8827, empty
8828, empty
8829, empty
8830, empty
8831, empty
8832, empty
8833, empty
8834, empty
8835, empty
8836, empty
8837, empty
8838, empty
8839, empty
8840, empty
8841, empty
8842, empty
8843, empty
8844, empty
8845, empty
8846, empty
8847, empty
8848, empty
8849, empty
8850, empty
8851, empty
8852, empty
8853, empty
8854, empty
8855, empty
8856, empty
8857, empty
8858, empty
8859, empty
8860, empty
8861, empty
8862, empty
8863, empty
8864, empty
8865, empty
8866, empty
8867, empty
8868, empty
8869, empty
8870, empty
8871, empty
8872, empty
8873, empty
8874, empty
8875, empty
8876, empty
8877, empty
8878, empty
8879, empty
8880, empty
8881, empty
8882, empty
8883, empty
8884, empty
8885, empty
8886, empty
8887, empty
8888, empty
8889, empty
8890, empty
8891, empty
8892, empty
8893, empty
8894, empty
8895, empty
8896, empty
8897, empty
8898, empty
8899, empty
8900, empty
8901, empty
8902, empty
8903, empty
8904, empty
8907, empty
8909, empty
8910, empty
8911, empty
8912, empty
8914, empty
8915, empty
8918, empty
8919, empty
8920, empty
8922, empty
8925, empty
8939, empty
8943, empty
8944, empty
8945, empty
8946, empty
8947, empty
8948, empty
8949, empty
8950, empty
8951, empty
8952, empty
8953, empty
8954, empty
8955, empty
8956, empty
8957, empty
8958, empty
8959, empty
8960, empty
8961, empty
8962, empty
8963, empty
8964, empty
8965, empty
8966, empty
8967, empty
8968, empty
8969, empty
8970, empty
8971, empty
8972, empty
8973, empty
8974, empty
8975, empty
8976, empty
8977, empty
8978, empty
8979, empty
8980, empty
8981, empty
8982, empty
8983, empty
8984, empty
8985, empty
8986, empty
8987, empty
8988, empty
8989, empty
8990, fetch_data
8991, empty
8992, empty
8993, empty
8994, empty
8995, empty
8997, empty
8998, empty
8999, empty
9000, empty
9001, empty
9002, empty
9003, empty
9004, empty
9005, empty
9006, empty
9007, empty
9008, empty
9009, empty
9010, empty
9011, empty
9012, empty
9013, empty
9014, empty
9015, empty
9016, empty
9017, empty
9018, empty
9019, empty
9020, empty
9021, empty
9022, empty
9023, empty
9024, empty
9025, empty
9026, empty
9027, empty
9028, empty
9029, empty
9030, empty
9031, empty
9032, empty
9033, empty
9034, empty
9035, empty
9036, empty
9037, empty
9038, empty
9039, empty
9040, empty
9041, empty
9042, empty
9043, empty
9044, empty
9045, empty
9046, empty
9047, empty
9048, empty
9049, empty
9050, empty
9051, empty
9052, empty
9053, empty
9054, empty
9055, empty
9056, empty
9057, empty
9058, empty
9059, empty
9060, empty
9061, empty
9062, empty
9063, empty
9064, empty
9065, empty
9066, empty
9067, empty
9068, empty
9069, empty
9070, empty
9071, empty
9072, empty
9073, empty
9074, empty
9075, empty
9076, empty
9077, empty
9078, empty
9079, empty
9080, empty
9081, empty
9082, empty
9083, empty
9084, empty
9085, empty
9086, empty
9087, empty
9088, empty
9089, empty
9090, empty
9091, empty
9092, empty
9093, empty
9094, empty
9095, empty
9096, empty
9097, empty
9098, empty
9099, empty
9100, empty
9101, empty
9102, empty
9104, empty
9107, empty
9108, empty
9109, empty
9111, empty
9112, empty
9113, empty
9114, empty
9115, empty
9116, empty
9117, empty
9118, empty
9119, empty
9120, empty
9121, empty
9122, empty
9123, empty
9124, empty
9125, empty
9126, empty
9127, empty
9128, empty
9129, empty
9130, empty
9131, empty
9132, empty
9133, empty
9134, empty
9135, empty
9137, empty
9138, empty
9139, empty
9140, empty
9141, empty
9142, empty
9143, empty
9144, empty
9145, empty
9146, empty
9147, empty
9148, empty
9149, empty
9150, empty
9151, empty
9152, empty
9153, empty
9154, empty
9155, empty
9156, empty
9158, empty
9159, empty
9160, empty
9161, empty
9162, empty
9163, empty
9164, empty
9165, empty
9166, empty
9167, empty
9168, empty
9169, empty
9170, empty
9171, empty
9172, empty
9173, empty
9174, empty
9175, empty
9176, empty
9177, empty
9178, empty
9179, empty
9180, empty
9181, empty
9182, empty
9183, empty
9184, empty
9185, empty
9186, empty
9187, empty
9189, empty
9190, empty
9191, empty
9192, empty
9193, empty
9194, empty
9195, empty
9196, empty
9197, empty
9198, empty
9199, empty
9200, empty
9201, empty
9202, empty
9203, empty
9204, empty
9205, empty
9206, empty
9207, empty
9208, empty
9209, empty
9210, empty
9211, empty
9212, empty
9213, empty
9214, empty
9215, empty
9216, empty
9217, empty
9218, empty
9219, empty
9220, empty
9221, empty
9222, empty
9223, empty
9224, empty
9225, empty
9226, empty
9227, empty
9228, empty
9229, empty
9230, empty
9231, empty
9232, empty
9233, empty
9234, empty
9235, empty
9236, empty
9237, empty
9238, empty
9239, empty
9240, empty
9241, empty
9242, empty
9243, empty
9244, empty
9245, empty
9246, empty
9247, empty
9248, empty
9249, empty
9250, empty
9251, empty
9252, empty
9253, empty
9254, empty
9255, empty
9256, empty
9257, empty
9258, empty
9259, empty
9260, empty
9261, empty
9262, empty
9263, empty
9264, empty
9265, empty
9266, empty
9267, empty
9268, empty
9269, empty
9270, empty
9271, empty
9272, empty
9273, empty
9274, empty
9275, empty
9276, empty
9277, empty
9278, empty
9279, empty
9280, empty
9281, empty
9282, empty
9283, empty
9284, empty
9285, empty
9286, fetch_data
9287, empty
9288, empty
9289, empty
9290, empty
9291, empty
9292, empty
9293, empty
9294, empty
9295, empty
9296, empty
9297, fetch_data
9298, empty
9299, empty
9300, empty
9301, empty
9302, empty
9303, empty
9304, empty
9305, empty
9306, empty
9307, empty
9308, empty
9309, empty
9310, empty
9311, empty
9312, empty
9313, empty
9314, empty
9315, empty
9316, empty
9317, empty
9318, empty
9319, empty
9320, empty
9321, empty
9322, empty
9323, empty
9324, empty
9325, empty
9326, empty
9327, empty
9328, empty
9329, empty
9330, empty
9331, empty
9332, empty
9333, empty
9334, empty
9335, empty
9336, csv
9337, empty
9338, empty
9339, empty
9340, empty
9341, empty
9342, empty
9343, empty
9344, empty
9345, empty
9346, empty
9347, fetch_data
9348, empty
9349, empty
9350, empty
9351, empty
9352, empty
9353, empty
9354, empty
9355, empty
9356, empty
9357, empty
9358, empty
9359, empty
9360, empty
9361, empty
9362, empty
9363, empty
9364, empty
9365, empty
9366, empty
9367, empty
9368, empty
9369, empty
9370, empty
9371, empty
9372, empty
9373, empty
9374, empty
9375, empty
9376, empty
9377, empty
9378, empty
9379, empty
9380, empty
9381, empty
9382, empty
9383, empty
9384, empty
9385, empty
9386, empty
9387, empty
9388, empty
9389, empty
9390, empty
9391, empty
9392, empty
9393, empty
9394, empty
9395, empty
9396, empty
9397, empty
9398, empty
9399, empty
9400, empty
9401, empty
9402, empty
9403, empty
9404, empty
9405, empty
9406, empty
9407, csv
9408, empty
9409, empty
9410, empty
9411, empty
9412, empty
9413, empty
9414, empty
9415, empty
9416, empty
9417, empty
9418, empty
9419, empty
9420, empty
9421, empty
9422, empty
9423, empty
9424, empty
9425, empty
9426, empty
9427, empty
9428, empty
9429, empty
9430, empty
9431, empty
9432, empty
9433, empty
9434, empty
9435, empty
9436, empty
9437, empty
9438, empty
9439, empty
9440, empty
9441, empty
9442, empty
9443, empty
9444, empty
9445, empty
9446, empty
9447, empty
9448, empty
9449, empty
9450, empty
9451, empty
9452, empty
9453, empty
9454, empty
9455, empty
9456, empty
9457, empty
9458, empty
9459, empty
9460, empty
9461, empty
9462, empty
9463, empty
9464, empty
9465, empty
9466, empty
9467, empty
9468, empty
9469, empty
9470, empty
9471, csv
9472, empty
9473, empty
9474, empty
9475, empty
9476, empty
9477, empty
9478, empty
9479, empty
9480, empty
9481, empty
9482, empty
9483, empty
9484, empty
9485, fetch_data
9486, empty
9487, empty
9488, empty
9489, empty
9490, empty
9491, empty
9492, empty
9493, empty
9494, empty
9495, empty
9496, empty
9497, empty
9498, empty
9499, empty
9500, empty
9501, empty
9502, empty
9503, empty
9504, empty
9505, empty
9506, empty
9507, empty
9508, empty
9509, empty
9510, empty
9511, empty
9512, empty
9513, empty
9514, empty
9515, empty
9516, empty
9517, empty
9518, empty
9519, empty
9520, empty
9521, empty
9522, empty
9523, empty
9524, empty
9525, empty
9526, empty
9527, empty
9528, empty
9529, empty
9530, empty
9531, empty
9532, empty
9533, empty
9534, empty
9535, empty
9536, empty
9537, empty
9538, empty
9539, empty
9540, empty
9541, empty
9542, empty
9543, empty
9544, fetch_data
9545, empty
9546, empty
9547, empty
9548, empty
9549, empty
9550, empty
9551, empty
9552, empty
9553, empty
9554, empty
9555, empty
9556, empty
9557, empty
9558, empty
9559, empty
9560, empty
9561, empty
9562, empty
9563, empty
9564, empty
9565, empty
9566, empty
9567, empty
9568, empty
9569, empty
9570, empty
9571, empty
9572, empty
9573, empty
9574, empty
9575, empty
9576, empty
9577, empty
9578, empty
9579, empty
9580, empty
9581, empty
9582, empty
9583, empty
9584, empty
9585, empty
9586, empty
9587, empty
9588, empty
9589, empty
9590, empty
9591, empty
9592, empty
9593, empty
9594, empty
9595, empty
9596, empty
9597, empty
9598, empty
9599, empty
9600, empty
9601, empty
9602, empty
9603, empty
9604, empty
9605, empty
9606, empty
9607, empty
9608, empty
9609, empty
9610, empty
9611, empty
9612, empty
9613, empty
9614, empty
9615, empty
9616, empty
9617, empty
9618, empty
9619, empty
9620, empty
9621, empty
9622, empty
9623, empty
9624, empty
9625, empty
9626, empty
9627, empty
9628, empty
9629, empty
9630, empty
9631, empty
9632, empty
9633, empty
9634, empty
9635, empty
9636, empty
9637, empty
9638, empty
9639, empty
9640, empty
9641, empty
9642, empty
9643, empty
9644, empty
9645, empty
9646, empty
9647, empty
9648, empty
9649, empty
9650, empty
9651, empty
9652, empty
9653, empty
9654, empty
9655, empty
9656, empty
9657, empty
9658, empty
9659, empty
9660, empty
9661, empty
9662, empty
9663, empty
9664, empty
9665, empty
9666, empty
9667, empty
9668, empty
9669, empty
9670, empty
9671, empty
9672, empty
9673, empty
9674, empty
9675, empty
9676, empty
9677, empty
9678, empty
9679, empty
9680, empty
9681, empty
9682, empty
9683, empty
9684, empty
9685, empty
9686, empty
9687, empty
9688, empty
9689, empty
9690, empty
9691, empty
9692, empty
9693, empty
9694, empty
9695, empty
9696, empty
9697, empty
9698, empty
9699, empty
9700, empty
9701, empty
9702, empty
9703, empty
9704, empty
9705, empty
9706, empty
9707, empty
9708, empty
9709, empty
9710, empty
9711, empty
9712, empty
9713, empty
9714, empty
9715, empty
9716, empty
9717, empty
9718, empty
9719, empty
9720, empty
9721, empty
9722, empty
9723, empty
9724, empty
9725, empty
9726, empty
9727, empty
9728, empty
9729, empty
9730, fetch_data
9731, empty
9732, empty
9733, empty
9734, empty
9735, empty
9736, empty
9737, empty
9738, empty
9739, empty
9740, empty
9741, empty
9742, empty
9743, empty
9744, empty
9745, empty
9746, empty
9747, empty
9748, empty
9749, empty
9750, empty
9751, empty
9752, empty
9753, empty
9754, empty
9755, empty
9756, empty
9757, empty
9758, csv
9759, empty
9760, empty
9761, empty
9762, empty
9763, empty
9764, empty
9765, empty
9766, empty
9767, empty
9768, empty
9769, empty
9770, empty
9771, empty
9772, empty
9773, empty
9774, empty
9775, empty
9776, empty
9777, empty
9778, empty
9779, empty
9780, empty
9781, empty
9782, empty
9783, empty
9784, empty
9785, empty
9786, empty
9787, empty
9788, empty
9789, empty
9790, empty
9791, empty
9792, empty
9793, empty
9794, empty
9795, empty
9796, empty
9797, empty
9798, empty
9799, empty
9800, empty
9801, empty
9803, empty
9804, empty
9805, empty
9806, empty
9807, empty
9808, empty
9809, empty
9810, empty
9811, empty
9812, empty
9813, empty
9814, empty
9815, empty
9816, empty
9817, empty
9818, empty
9819, empty
9820, empty
9821, empty
9822, empty
9823, empty
9824, empty
9825, empty
9826, empty
9827, empty
9828, empty
9829, empty
9830, empty
9831, empty
9832, empty
9833, empty
9834, empty
9835, empty
9836, empty
9837, empty
9838, empty
9839, empty
9840, empty
9841, empty
9842, empty
9843, empty
9844, empty
9845, empty
9846, empty
9847, empty
9848, empty
9849, empty
9850, empty
9851, empty
9852, empty
9853, empty
9854, empty
9855, empty
9856, empty
9857, empty
9858, empty
9859, empty
9860, empty
9861, empty
9862, empty
9863, empty
9864, empty
9865, empty
9866, empty
9867, empty
9868, empty
9869, empty
9870, empty
9871, empty
9872, empty
9873, empty
9874, empty
9875, empty
9876, empty
9877, empty
9878, empty
9879, empty
9880, empty
9881, empty
9882, empty
9883, empty
9884, empty
9885, empty
9886, empty
9887, empty
9888, empty
9889, empty
9890, empty
9891, empty
9892, empty
9893, empty
9894, empty
9895, empty
9896, empty
9897, empty
9898, empty
9899, empty
9900, empty
9901, empty
9903, empty
9909, empty
9913, empty
9915, empty
9916, empty
9920, empty
9922, empty
9923, empty
9932, empty
9936, empty
9947, empty
9948, empty
9952, empty
9953, empty
9954, empty
9956, empty
9957, empty
9959, empty
9961, empty
9963, empty
9964, empty
9965, empty
9966, empty
9967, empty
9968, empty
9969, empty
9970, empty
9971, empty
9972, empty
9973, empty
9974, empty
9975, empty
9976, empty
9977, empty
9978, empty
9979, empty
9980, empty
9981, empty
9982, empty
9983, empty
9984, empty
9985, empty
9986, empty
9987, empty
9988, empty
9989, empty
9990, empty
9991, empty
9992, empty
9993, empty
9994, empty
9995, empty
9996, empty
9997, empty
9998, empty
9999, empty
